date,ticker,target,next_open,market_cap,mcap_cutoff,shares,buy_amt,sell_amt,pnl,ret
2026-02-05,000120,107490.0,113100.0,2495670433600.0,1135946608799.9995,93,9996570.0,10413117.0,416547.0,0.041668992464415355
2026-02-10,000120,124850.0,154000.0,3118447424800.0,1156573055279.9998,80,9988000.0,12196800.0,2208800.0,0.22114537444933924
2026-03-20,000210,61800.0,63800.0,1360036871600.0,1181929530831.9998,161,9949800.0,10169082.0,219282.0,0.02203883495145642
2026-05-15,000240,25430.0,25750.0,2416101858000.0,1229643845220.001,393,9993990.0,10018552.0,24562.0,0.0024577270939833973
2026-01-22,000250,302500.0,326000.0,7424289888000.0,1023078807288.0,33,9982500.0,10650420.0,667920.0,0.06690909090909081
2026-03-20,000250,860300.0,930000.0,21275927104000.0,1181929530831.9998,11,9463300.0,10127700.0,664400.0,0.07020806695338844
2026-01-07,000270,124270.0,131000.0,50480400641400.0,994024644499.9999,80,9941600.0,10375200.0,433600.0,0.043614709905850146
2026-02-25,000270,179340.0,197400.0,76559988907800.0,1218628010747.001,55,9863700.0,10748430.0,884730.0,0.08969555035128796
2026-05-08,000270,163720.0,170400.0,64222938171000.0,1288975774665.0005,61,9986920.0,10290456.0,303536.0,0.03039335450769598
2026-02-23,000500,92760.0,97200.0,1611299401000.0,1202215286680.002,107,9925320.0,10296396.0,371076.0,0.03738680465717992
2026-02-25,000500,124065.0,118900.0,2018260030000.0,1218628010747.001,80,9925200.0,9416880.0,-508320.0,-0.05121508886470805
2026-04-15,000500,111550.0,143500.0,2117518720000.0,1196625751020.0,89,9927950.0,12643785.0,2715835.0,0.2735544598834603
2026-05-12,000500,527000.0,564000.0,9330316860000.0,1264375573560.0005,18,9486000.0,10050480.0,564480.0,0.05950664136622397
2026-01-12,000720,80520.0,88800.0,10144510191500.0,982461512829.9998,124,9984480.0,10901088.0,916608.0,0.09180327868852456
2026-02-27,000720,170740.0,162900.0,18340294495500.0,1226078544780.0005,58,9902920.0,9353718.0,-549202.0,-0.055458592011245145
2026-04-08,000720,174370.0,182500.0,21012832855500.0,1129200466578.0005,57,9939090.0,10298475.0,359385.0,0.036158742903022345
2026-01-09,000880,93210.0,96100.0,6851228379000.0,990583314199.9999,107,9973470.0,10179873.0,206403.0,0.02069520437721284
2026-01-13,000880,97500.0,100700.0,7683270337500.0,983739303804.0002,102,9945000.0,10168686.0,223686.0,0.02249230769230759
2026-01-14,000880,107980.0,130900.0,9632197447500.0,991228730800.0,92,9934160.0,11922372.0,1988212.0,0.20013891461381728
2026-04-20,000990,109430.0,123700.0,5512031299600.0,1219366812740.0,91,9958130.0,11144133.0,1186003.0,0.11909896737640491
2026-05-26,000990,200430.0,228500.0,9592761654000.0,1302555155500.0022,49,9821070.0,11084535.0,1263465.0,0.12864840592725635
2026-01-14,001120,32935.0,34500.0,1327530000000.0,991228730800.0,303,9979305.0,10348965.0,369660.0,0.03704265978442378
2026-01-15,001120,35865.0,35600.0,1403112000000.0,1005271732400.0,278,9970470.0,9797832.0,-172638.0,-0.01731493099121706
2026-01-05,001440,25200.0,26950.0,4791695610000.0,990242237820.0,396,9979200.0,10565478.0,586278.0,0.05875000000000008
2026-01-20,001440,26270.0,27850.0,5211202035000.0,1022868444160.0,380,9982600.0,10477170.0,494570.0,0.04954320517700794
2026-02-23,001440,34690.0,34250.0,6385820025000.0,1202215286680.002,288,9990720.0,9765360.0,-225360.0,-0.022556932833669663
2026-04-15,001440,33440.0,41800.0,7690951125000.0,1196625751020.0,299,9998560.0,12373218.0,2374658.0,0.23750000000000004
2026-05-18,001450,36515.0,37500.0,3269270387500.0,1218106184040.0002,273,9968595.0,10135125.0,166530.0,0.01670546350814739
2026-03-20,001510,2578.7,2565.0,1221645592035.0,1181929530831.9998,3877,9997620.0,9845060.0,-152560.0,-0.01525962694380878
2026-01-14,001720,133360.0,145000.0,2324616000000.0,991228730800.0,74,9868640.0,10622700.0,754060.0,0.07640971805638874
2026-02-13,001720,223410.0,248000.0,3740100000000.0,1159891746640.0017,44,9830040.0,10802880.0,972840.0,0.09896602658788778
2026-01-30,001740,4957.5,5540.0,1239156251200.0,1130897684159.9995,2017,9999278.0,11062438.0,1063161.0,0.10632375189107401
2026-02-24,001740,5768.0,5910.0,1307752400820.0,1200064601577.0007,1733,9995944.0,10139610.0,143666.0,0.014372399445214956
2026-04-28,001740,5718.0,5920.0,1321029074940.0,1296152325600.0,1748,9995064.0,10244678.0,249614.0,0.024973767051416518
2026-05-04,001740,6214.0,6840.0,1458221374180.0,1316443415650.0002,1609,9998326.0,10895504.0,897178.0,0.08973286128097846
2026-05-06,001740,7491.0,6770.0,1339967178520.0,1313349953592.0002,1334,9992994.0,8940868.0,-1052126.0,-0.10528634361233491
2026-05-15,001740,9370.0,8700.0,1749178712080.0,1229643845220.001,1067,9997790.0,9190071.0,-807719.0,-0.08078975453575243
2026-05-26,001740,9185.0,11460.0,2190485267880.0,1302555155500.0022,1088,9993280.0,12343795.0,2350515.0,0.23520958083832322
2026-05-27,001740,12979.0,11280.0,2282758456820.0,1269725639700.0012,770,9993830.0,8598744.0,-1395086.0,-0.13959472994837818
2026-02-04,001800,21770.0,22700.0,1434580163800.0,1170392806559.9993,459,9992430.0,10315107.0,322677.0,0.03229214515388157
2026-05-15,001800,26060.0,27500.0,1772865442600.0,1229643845220.001,383,9980980.0,10427175.0,446195.0,0.04470452801227931
2026-05-28,001820,148520.0,160600.0,1623699000000.0,1260596501052.001,67,9950840.0,10652598.0,701758.0,0.07052248855373011
2026-05-06,002380,603300.0,625000.0,5536271433000.0,1313349953592.0002,16,9652800.0,9900000.0,247200.0,0.02560914967677763
2026-01-23,002790,27815.0,28700.0,2284422675000.0,1041244497360.0,359,9985585.0,10200267.0,214682.0,0.02149919108394749
2026-02-09,002790,32270.0,34900.0,2777063391000.0,1165622863199.9998,309,9971430.0,10676259.0,704829.0,0.07068484660675556
2026-02-12,003240,985600.0,1161000.0,1321605800000.0,1157646584400.0002,10,9856000.0,11493900.0,1637900.0,0.16618303571428572
2026-02-25,003240,1251900.0,1557000.0,1670100000000.0,1218628010747.001,7,8763300.0,10790010.0,2026710.0,0.2312724658519052
2026-01-30,003380,13173.0,15000.0,1615121054820.0,1130897684159.9995,759,9998307.0,11271150.0,1272843.0,0.1273058528808928
2026-05-06,003470,7553.0,7700.0,1562841190080.0,1313349953592.0002,1323,9992619.0,10085229.0,92610.0,0.009267840593141896
2026-01-16,003490,23680.0,24600.0,8947762062300.0,1002249058200.0,422,9992960.0,10277388.0,284428.0,0.028462837837837762
2026-02-25,003490,27490.0,28850.0,10659988135950.0,1218628010747.001,363,9978870.0,10367824.0,388954.0,0.03897781011276824
2026-01-06,003530,4913.0,5000.0,1072738875000.0,1007084481011.9998,2035,9997955.0,10073250.0,75295.0,0.007531040097700004
2026-01-14,003530,5052.0,5010.0,1074884352750.0,991228730800.0,1979,9997908.0,9815642.0,-182266.0,-0.018230403800475137
2026-01-27,003530,6105.0,6120.0,1293723083250.0,1075665782639.9995,1638,9999990.0,9924314.0,-75676.0,-0.00756756756756749
2026-02-13,003530,7020.0,8050.0,1579071624000.0,1159891746640.0017,1424,9996480.0,11348568.0,1352088.0,0.13525641025641022
2026-02-19,003530,9093.0,10000.0,2051076729000.0,1189097064660.0032,1099,9993207.0,10880100.0,886893.0,0.08874958759485319
2026-04-27,003530,7926.0,8010.0,1714236722250.0,1278848931100.0,1261,9994686.0,9999604.0,4918.0,0.000492051476154387
2026-05-06,003530,9579.0,9260.0,2010312651750.0,1313349953592.0002,1043,9990897.0,9561598.0,-429299.0,-0.04296899467585347
2026-01-23,003540,28600.0,29200.0,1492737960000.0,1041244497360.0,349,9981400.0,10088892.0,107492.0,0.010769230769230864
2026-02-10,003540,32795.0,35650.0,1802455700000.0,1156573055279.9998,304,9969680.0,10729224.0,759544.0,0.07618539411495662
2026-01-16,003550,89240.0,86700.0,13494388687500.0,1002249058200.0,112,9994880.0,9613296.0,-381584.0,-0.03817794710891975
2026-04-10,003570,54530.0,56400.0,1872126841100.0,1171398102160.0,183,9978990.0,10217988.0,238998.0,0.0239501192004401
2026-04-21,003670,246900.0,257000.0,22814705430000.0,1239788080155.0,40,9876000.0,10177200.0,301200.0,0.03049817739975702
2026-05-15,003690,12556.0,13200.0,2320347137030.0,1229643845220.001,796,9994576.0,10402128.0,407552.0,0.04077731761707559
2026-05-18,003690,14453.0,13880.0,2548317267020.0,1218106184040.0002,691,9987023.0,9495169.0,-491854.0,-0.049249290804677326
2026-04-24,004000,62280.0,64000.0,1586700000000.0,1269799116100.0,160,9964800.0,10137600.0,172800.0,0.01734104046242768
2026-02-11,004020,32925.0,34400.0,4557173557750.0,1156576068557.0007,303,9976275.0,10318968.0,342693.0,0.03435079726651491
2026-02-20,004020,36770.0,39150.0,5197713325750.0,1195139016700.0015,271,9964670.0,10503554.0,538884.0,0.0540794125645907
2026-02-27,004020,39920.0,48300.0,6205229002500.0,1226078544780.0005,250,9980000.0,11954250.0,1974250.0,0.19782064128256516
2026-01-15,004800,160850.0,148000.0,2532823579100.0,1005271732400.0,62,9972700.0,9084240.0,-888460.0,-0.0890892135529997
2026-02-13,004800,152450.0,165300.0,2710271893300.0,1159891746640.0017,65,9909250.0,10637055.0,727805.0,0.07344703181370948
2026-04-27,004800,184070.0,265500.0,3423413231500.0,1278848931100.0,54,9939780.0,14193630.0,4253850.0,0.4279621882979301
2026-02-13,004990,35000.0,36800.0,3781977993850.0,1159891746640.0017,285,9975000.0,10383120.0,408120.0,0.04091428571428568
2026-04-29,004990,29530.0,31000.0,3119476188800.0,1291041863285.0,338,9981140.0,10373220.0,392080.0,0.039282086014222894
2026-04-21,005070,62020.0,66300.0,2142339829500.0,1239788080155.0,161,9985220.0,10567557.0,582337.0,0.0583198968074814
2026-01-28,005290,45975.0,51900.0,2491032234300.0,1085922226039.9995,217,9976575.0,11149677.0,1173102.0,0.11758564437194119
2026-05-07,005290,61230.0,59300.0,3136284134000.0,1296490126860.0005,163,9980490.0,9569241.0,-411249.0,-0.041205291523762844
2026-02-04,005300,141180.0,140600.0,1278630215200.0,1170392806559.9993,70,9882600.0,9743580.0,-139020.0,-0.014067148321291967
2026-01-06,005380,323600.0,314000.0,63065391928000.0,1007084481011.9998,30,9708000.0,9325800.0,-382200.0,-0.03936959208899882
2026-01-07,005380,332200.0,361000.0,71767596983000.0,994024644499.9999,30,9966000.0,10721700.0,755700.0,0.07582781456953636
2026-05-08,005380,616600.0,631000.0,125516510558000.0,1288975774665.0005,16,9865600.0,9995040.0,129440.0,0.01312033733376583
2026-01-07,005385,224550.0,232500.0,5368420800000.0,994024644499.9999,44,9880200.0,10127700.0,247500.0,0.025050100200400882
2026-02-27,005385,317250.0,312000.0,7504118640000.0,1226078544780.0005,31,9834750.0,9575280.0,-259470.0,-0.026382978723404227
2026-05-08,005385,271100.0,273500.0,6278718240000.0,1288975774665.0005,36,9759600.0,9747540.0,-12060.0,-0.0012357063814091296
2026-01-07,005387,230950.0,239000.0,8234005515000.0,994024644499.9999,43,9930850.0,10174230.0,243380.0,0.02450746914916646
2026-02-11,005440,11157.0,14500.0,1886442042100.0,1156576068557.0007,896,9996672.0,12862080.0,2865408.0,0.2866361925248724
2026-02-24,005440,16088.0,18410.0,2923205643750.0,1200064601577.0007,621,9990648.0,11318284.0,1327636.0,0.1328878667329687
2026-01-13,005490,319800.0,352500.0,28528865580000.0,983739303804.0002,31,9913800.0,10818225.0,904425.0,0.09122889305816129
2026-04-21,005490,404650.0,420000.0,33400303630500.0,1239788080155.0,24,9711600.0,9979200.0,267600.0,0.027554676881255347
2026-04-28,005490,449700.0,477000.0,36966172345500.0,1296152325600.0,22,9893400.0,10389060.0,495660.0,0.05010006671114087
2026-01-16,005850,49880.0,50500.0,2322426000000.0,1002249058200.0,200,9976000.0,9999000.0,23000.0,0.0023055332798715966
2026-01-21,005850,52855.0,70300.0,3009864096000.0,1014238177020.0,189,9989595.0,13153833.0,3164238.0,0.3167533818938606
2026-02-20,005850,60540.0,63000.0,2838004572000.0,1195139016700.0015,165,9989100.0,10291050.0,301950.0,0.030227948463825483
2026-02-25,005850,64400.0,72900.0,3353583144000.0,1218628010747.001,155,9982000.0,11186505.0,1204505.0,0.12066770186335396
2026-05-08,005850,68680.0,70300.0,3172433916000.0,1288975774665.0005,145,9958600.0,10091565.0,132965.0,0.013351776354106004
2026-01-05,005935,101140.0,100000.0,83229415728000.0,990242237820.0,98,9911720.0,9702000.0,-209720.0,-0.02115878979632191
2026-01-27,006280,164775.0,172600.0,2015927805000.0,1075665782639.9995,60,9886500.0,10252440.0,365940.0,0.03701411015020484
2026-05-27,006280,156660.0,152300.0,1755318007600.0,1269725639700.0012,63,9869580.0,9498951.0,-370629.0,-0.037552661815396404
2026-03-18,006360,23140.0,25600.0,2195165218500.0,1184976273328.001,432,9996480.0,10948608.0,952128.0,0.09524632670700095
2026-03-20,006360,29470.0,33750.0,2721491382000.0,1181929530831.9998,339,9990330.0,11326838.0,1336508.0,0.1337801153715643
2026-04-08,006360,32350.0,35450.0,3200747726000.0,1129200466578.0005,309,9996150.0,10844510.0,848360.0,0.08486862442040177
2026-01-22,006400,344550.0,402000.0,30985136285000.0,1023078807288.0,29,9991950.0,11541420.0,1549470.0,0.15507183282542436
2026-04-21,006400,598000.0,686000.0,51977666850000.0,1239788080155.0,16,9568000.0,10866240.0,1298240.0,0.1356856187290969
2026-02-13,006800,57670.0,68800.0,34932481214400.0,1159891746640.0017,173,9976910.0,11783376.0,1806466.0,0.18106467834229245
2026-05-06,006800,79560.0,82800.0,46891704544000.0,1313349953592.0002,125,9945000.0,10246500.0,301500.0,0.030316742081447856
2026-01-30,007070,21460.0,22250.0,1851904242250.0,1130897684159.9995,465,9978900.0,10242788.0,263888.0,0.02644454799627205
2026-05-08,007070,26060.0,25450.0,2157071307000.0,1288975774665.0005,383,9980980.0,9649876.0,-331104.0,-0.03317344589409055
2026-02-12,007340,29525.0,31900.0,1872347680000.0,1157646584400.0002,338,9979450.0,10674378.0,694928.0,0.06963590177815404
2026-03-16,007340,29980.0,35300.0,2097614510250.0,1166562377640.0002,333,9983340.0,11637351.0,1654011.0,0.1656771180787191
2026-05-27,007390,33600.0,31900.0,2061921792000.0,1269725639700.0012,297,9979200.0,9379557.0,-599643.0,-0.060089285714285734
2026-03-18,007660,125550.0,120300.0,9183493296900.0,1184976273328.001,79,9918450.0,9408663.0,-509787.0,-0.051397849462365586
2026-04-22,007660,139690.0,155700.0,11848247946600.0,1241957792300.0,71,9917990.0,10944153.0,1026163.0,0.10346481494738358
2026-01-15,007810,55010.0,59300.0,1429055435500.0,1005271732400.0,181,9956810.0,10625967.0,669157.0,0.06720596255226319
2026-03-18,007810,56670.0,57900.0,1443753964800.0,1184976273328.001,176,9973920.0,10088496.0,114576.0,0.011487559555320326
2026-02-05,008770,49380.0,50300.0,1966330862100.0,1135946608799.9995,202,9974760.0,10058994.0,84234.0,0.008444714459295177
2026-04-16,008770,51355.0,53500.0,2111548909800.0,1214752789320.0,194,9962870.0,10275210.0,312340.0,0.03135040405023859
2026-04-24,008770,57960.0,65000.0,2445157938300.0,1269799116100.0,172,9969120.0,11068200.0,1099080.0,0.11024844720496896
2026-02-24,008930,48365.0,50100.0,3467451585000.0,1200064601577.0007,206,9963190.0,10217394.0,254204.0,0.02551431820531369
2026-03-26,009420,61160.0,63700.0,3364297087200.0,1150675240000.0,163,9969080.0,10279269.0,310189.0,0.031115107913669116
2026-05-22,009420,53800.0,57900.0,2977716366000.0,1269452699850.0024,185,9953000.0,10604385.0,651385.0,0.06544609665427514
2026-05-27,009420,64500.0,67700.0,3693413106600.0,1269725639700.0012,155,9997500.0,10388565.0,391065.0,0.039116279069767446
2026-04-22,009540,441250.0,462000.0,32767952708000.0,1241957792300.0,22,9707500.0,10062360.0,354860.0,0.03655524079320105
2026-02-04,009830,28975.0,38950.0,6265482937200.0,1170392806559.9993,345,9996375.0,13303372.0,3306998.0,0.3308196721311476
2026-02-06,009830,39595.0,41900.0,7219486512000.0,1122572302919.9998,252,9977940.0,10453212.0,475272.0,0.047632276802626494
2026-03-20,009830,54125.0,53000.0,8886844111200.0,1181929530831.9998,184,9959000.0,9654480.0,-304520.0,-0.030577367205542716
2026-04-28,009830,53880.0,50900.0,8491491278400.0,1296152325600.0,185,9967800.0,9322335.0,-645465.0,-0.06475501113585747
2026-02-04,010060,120890.0,147500.0,2821072055200.0,1170392806559.9993,82,9912980.0,11974050.0,2061070.0,0.20791628753412184
2026-03-12,010060,152710.0,165500.0,3095524465600.0,1179405191900.0,65,9926150.0,10649925.0,723775.0,0.07291598454587134
2026-04-16,010060,283850.0,287000.0,5601069600000.0,1214752789320.0,35,9934750.0,9944550.0,9800.0,0.0009864364981504448
2026-01-14,010120,519850.0,536000.0,16170000000000.0,991228730800.0,19,9877150.0,10082160.0,205010.0,0.020755987304029944
2026-04-23,010120,219410.0,221000.0,32550000000000.0,1245145764495.0,45,9873450.0,9845550.0,-27900.0,-0.0028257599927077326
2026-01-09,010140,27610.0,28500.0,25212000000000.0,990583314199.9999,362,9994820.0,10213830.0,219010.0,0.021912350597609542
2026-04-22,010140,31610.0,32700.0,27984000000000.0,1241957792300.0,316,9988760.0,10229868.0,241108.0,0.024137931034482696
2026-04-23,010140,34310.0,35050.0,29920000000000.0,1245145764495.0,291,9984210.0,10097554.0,113344.0,0.011352375400757841
2026-04-02,010170,11102.0,11660.0,1573514879200.0,1124391727200.0,900,9991800.0,10389060.0,397260.0,0.03975860205368398
2026-04-29,010950,125020.0,133700.0,15119868965600.0,1291041863285.0,79,9876580.0,10456677.0,580097.0,0.058734602463605734
2026-02-26,011070,307650.0,333000.0,8165151915000.0,1221152039013.0017,32,9844800.0,10549440.0,704640.0,0.07157484154071181
2026-04-22,011070,467350.0,534000.0,11833553500000.0,1241957792300.0,21,9814350.0,11101860.0,1287510.0,0.13118647694447416
2026-02-24,011170,91210.0,90800.0,3913950838500.0,1200064601577.0007,109,9941890.0,9798228.0,-143662.0,-0.014450169937506807
2026-04-29,011170,100260.0,114400.0,5047499442000.0,1291041863285.0,99,9925740.0,11212344.0,1286604.0,0.12962298025134644
2026-02-25,011210,88580.0,92500.0,2507386652600.0,1218628010747.001,112,9920960.0,10256400.0,335440.0,0.03381124407315417
2026-02-27,011210,92930.0,111000.0,2754861907900.0,1226078544780.0005,107,9943510.0,11758230.0,1814720.0,0.18250295921661475
2026-01-12,011780,127570.0,135500.0,3527301041000.0,982461512829.9998,78,9950460.0,10463310.0,512850.0,0.05154033079877718
2026-04-29,011780,142650.0,149600.0,3778630215000.0,1291041863285.0,70,9985500.0,10367280.0,381780.0,0.038233438485804516
2026-02-27,011790,108690.0,111400.0,4286691333600.0,1226078544780.0005,92,9999480.0,10146312.0,146832.0,0.014683963566105351
2026-04-16,011790,102570.0,117000.0,4619932356000.0,1214752789320.0,97,9949290.0,11235510.0,1286220.0,0.12927756653992395
2026-04-27,011790,122960.0,122200.0,4722176760600.0,1278848931100.0,81,9959760.0,9799218.0,-160542.0,-0.01611906310995448
2026-05-06,011790,144900.0,184000.0,6104369637600.0,1313349953592.0002,69,9998100.0,12569040.0,2570940.0,0.2571428571428571
2026-01-13,012330,422450.0,448000.0,40920394933000.0,983739303804.0002,23,9716350.0,10200960.0,484610.0,0.04987572493786252
2026-05-08,012330,474250.0,535000.0,46182884747000.0,1288975774665.0005,21,9959250.0,11122650.0,1163400.0,0.11681602530311008
2026-01-05,012450,999100.0,997000.0,52182161812000.0,990242237820.0,10,9991000.0,9870300.0,-120700.0,-0.012080872785506958
2026-03-31,012510,119310.0,119200.0,3620023062000.0,1088687277840.0,83,9902730.0,9794664.0,-108066.0,-0.010912748302740805
2026-03-20,012630,26060.0,27600.0,1675755274050.0,1181929530831.9998,383,9980980.0,10465092.0,484112.0,0.04850345356868768
2026-03-12,012750,84010.0,80300.0,3176731280800.0,1179405191900.0,119,9997190.0,9460143.0,-537047.0,-0.05371979526246873
2026-01-13,015760,52570.0,55000.0,35757399088900.0,983739303804.0002,190,9988300.0,10345500.0,357200.0,0.03576184135438454
2026-01-20,015760,57890.0,65300.0,41984450635800.0,1022868444160.0,172,9957080.0,11119284.0,1162204.0,0.11672136811193634
2026-03-20,016360,101490.0,97300.0,9135390000000.0,1181929530831.9998,98,9946020.0,9440046.0,-505974.0,-0.05087200709429496
2026-01-19,017670,55620.0,59500.0,12715571137600.0,1015144401300.0,179,9955980.0,10543995.0,588015.0,0.059061488673139095
2026-04-08,017670,87070.0,93000.0,19116314717000.0,1129200466578.0005,114,9925980.0,10495980.0,570000.0,0.057425060296313335
2026-04-09,017670,96500.0,95000.0,20147306971400.0,1159625607888.0,103,9939500.0,9687150.0,-252350.0,-0.025388601036269387
2026-01-09,017960,33375.0,37700.0,1993284556800.0,990583314199.9999,299,9979125.0,11159577.0,1180452.0,0.11829213483146073
2026-03-09,017960,43405.0,44000.0,2322903227000.0,1125528629200.0,230,9983150.0,10018800.0,35650.0,0.003571017163921164
2026-04-13,017960,48520.0,50700.0,2584171902000.0,1176984685440.0002,206,9995120.0,10339758.0,344638.0,0.034480626545754234
2026-02-26,018260,184920.0,190800.0,14802373140000.0,1221152039013.0017,54,9985680.0,10200168.0,214488.0,0.021479558728098702
2026-04-15,018260,167390.0,194000.0,13819675080000.0,1196625751020.0,59,9876010.0,11331540.0,1455530.0,0.14738036919768205
2026-05-15,018260,192430.0,189000.0,14624404200000.0,1229643845220.001,51,9813930.0,9542610.0,-271320.0,-0.027646416878865043
2026-05-27,018260,211400.0,251500.0,20234294700000.0,1269725639700.0012,47,9935800.0,11702295.0,1766495.0,0.17779091769157995
2026-04-29,018670,286900.0,289500.0,2633685918000.0,1291041863285.0,34,9754600.0,9744570.0,-10030.0,-0.0010282328337399838
2026-01-22,018880,3449.0,3430.0,3489292676800.0,1023078807288.0,2899,9998651.0,9844134.0,-154517.0,-0.015453754711510559
2026-02-04,018880,3653.0,4350.0,3822828006200.0,1170392806559.9993,2737,9998261.0,11786890.0,1788630.0,0.1788940596769779
2026-02-10,018880,4166.5,4855.0,4690019862640.0,1156573055279.9998,2400,9999600.0,11535480.0,1535880.0,0.15359414376575065
2026-02-19,018880,4857.0,5330.0,5408403649040.0,1189097064660.0032,2058,9995706.0,10859449.0,863743.0,0.08641136504014812
2026-03-18,018880,4289.0,4235.0,4515555228800.0,1184976273328.001,2331,9997659.0,9773067.0,-224592.0,-0.022464443926323074
2026-04-17,018880,4245.0,4160.0,4269252216320.0,1224791156740.0,2355,9996975.0,9698832.0,-298143.0,-0.0298233215547703
2026-05-06,018880,5485.0,5450.0,5552080406320.0,1313349953592.0002,1823,9999155.0,9835996.0,-163158.0,-0.016317228805834083
2026-05-27,018880,5516.0,5230.0,5418666274560.0,1269725639700.0012,1812,9994992.0,9381992.0,-613000.0,-0.06133067440174034
2026-01-14,020150,33165.0,35450.0,1780425742000.0,991228730800.0,301,9982665.0,10563746.0,581080.0,0.0582089552238807
2026-02-04,020150,46430.0,46350.0,2500450858250.0,1170392806559.9993,215,9982450.0,9865598.0,-116852.0,-0.011705793667887154
2026-01-16,020560,7839.0,7910.0,1610847360020.0,1002249058200.0,1275,9994725.0,9984398.0,-10328.0,-0.001033295063145756
2026-02-25,020560,7934.0,8140.0,1658225223550.0,1218628010747.001,1260,9996840.0,10153836.0,156996.0,0.015704562641794872
2026-01-15,022100,32425.0,42200.0,5876142275850.0,1005271732400.0,308,9986900.0,12867624.0,2880724.0,0.2884502698535081
2026-01-30,023530,82830.0,85000.0,2376255420000.0,1130897684159.9995,120,9939600.0,10098000.0,158400.0,0.015936254980079667
2026-02-10,023530,101610.0,114400.0,3210773692500.0,1156573055279.9998,98,9957780.0,11099088.0,1141308.0,0.11461470327723644
2026-04-16,023530,111500.0,120200.0,3442741483500.0,1214752789320.0,89,9923500.0,10590822.0,667322.0,0.0672466367713005
2026-01-28,023590,51265.0,51500.0,2306144113800.0,1085922226039.9995,195,9996675.0,9942075.0,-54600.0,-0.005461816053837887
2026-03-20,024110,24220.0,23700.0,19217963442900.0,1181929530831.9998,412,9978640.0,9666756.0,-311884.0,-0.0312551610239471
2026-04-14,027360,9570.0,11520.0,1372577449980.0,1183660124900.0002,1044,9991080.0,11906611.0,1915531.0,0.19172413793103438
2026-05-11,027360,17212.0,17810.0,2132159145600.0,1290879298300.0005,580,9982960.0,10226502.0,243542.0,0.024395770392749316
2026-01-26,028050,30285.0,29100.0,5654600000000.0,1063813823543.9999,330,9994050.0,9506970.0,-487080.0,-0.04873699851411595
2026-03-20,028050,35095.0,40150.0,6918800000000.0,1181929530831.9998,284,9966980.0,11288574.0,1321594.0,0.1325972360735148
2026-04-06,028050,46815.0,51300.0,8947400000000.0,1115833288800.0,213,9971595.0,10817631.0,846036.0,0.0848446010893944
2026-05-06,028260,359550.0,392000.0,60894452365500.0,1313349953592.0002,27,9707850.0,10478160.0,770310.0,0.07934918648310396
2026-01-23,028300,55080.0,62500.0,7624550640300.0,1041244497360.0,181,9969480.0,11199375.0,1229895.0,0.12336601307189543
2026-04-08,028300,56560.0,54600.0,7308150969600.0,1129200466578.0005,176,9954560.0,9513504.0,-441056.0,-0.044306930693069346
2026-01-20,028670,4293.5,4365.0,2386852871080.0,1022868444160.0,2329,9999562.0,10064424.0,64863.0,0.006486549435192668
2026-02-19,028670,5298.0,5600.0,2956169401360.0,1189097064660.0032,1887,9997326.0,10461528.0,464202.0,0.04643261608154026
2026-05-07,028670,5943.0,5970.0,3223454157360.0,1296490126860.0005,1682,9996126.0,9941125.0,-55001.0,-0.005502271580010154
2026-04-27,030530,35010.0,35700.0,2711053133100.0,1278848931100.0,285,9977850.0,10072755.0,94905.0,0.009511568123393266
2026-05-26,030530,30460.0,31750.0,2444582098650.0,1302555155500.0022,328,9990880.0,10309860.0,318980.0,0.031927117531188376
2026-02-13,030610,14083.0,15140.0,1595481454000.0,1159891746640.0017,710,9998930.0,10641906.0,642976.0,0.06430448057942195
2026-02-19,030610,15966.0,18220.0,1816569598340.0,1189097064660.0032,626,9994716.0,11291663.0,1296947.0,0.1297632468996619
2026-05-15,031330,12621.0,18590.0,1429929458100.0,1229643845220.001,792,9995832.0,14576047.0,4580215.0,0.4582125029712383
2026-05-19,031330,17060.0,15640.0,1563922847880.0,1203847035300.0005,586,9997160.0,9073390.0,-923770.0,-0.09240328253223917
2026-01-16,031980,55690.0,57100.0,1250618910000.0,1002249058200.0,179,9968510.0,10118691.0,150181.0,0.015065541389836623
2026-02-19,031980,78990.0,88000.0,1929834352500.0,1189097064660.0032,126,9952740.0,10977120.0,1024380.0,0.1029244208127611
2026-04-28,031980,121540.0,129500.0,2863486056000.0,1296152325600.0,82,9966280.0,10512810.0,546530.0,0.05483791344413369
2026-04-15,032500,33400.0,33300.0,1414877029500.0,1196625751020.0,299,9986600.0,9857133.0,-129467.0,-0.012964071856287451
2026-02-11,032820,10541.0,12710.0,2059653391900.0,1156576068557.0007,948,9992868.0,11928589.0,1935721.0,0.19371027416753628
2026-02-12,032820,14229.0,13200.0,2271455805480.0,1157646584400.0002,702,9988758.0,9173736.0,-815022.0,-0.0815939278937381
2026-03-06,032820,18516.0,16610.0,2873508335420.0,1169547850000.0,540,9998640.0,8879706.0,-1118934.0,-0.11190861957226184
2026-03-10,032820,20103.0,21600.0,3443873890100.0,1163441838500.0,497,9991191.0,10627848.0,636657.0,0.06372183256230413
2026-04-16,032820,23690.0,23300.0,3952324114200.0,1214752789320.0,422,9997180.0,9734274.0,-262906.0,-0.026298016040523398
2026-01-16,032830,165250.0,166800.0,34120000000000.0,1002249058200.0,60,9915000.0,9907920.0,-7080.0,-0.0007140695915279771
2026-05-04,033100,83630.0,93500.0,1469710423500.0,1316443415650.0002,119,9951970.0,11015235.0,1063265.0,0.10683965084299896
2026-03-20,033780,158650.0,153800.0,18061571587500.0,1181929530831.9998,63,9994950.0,9592506.0,-402444.0,-0.040264733690513754
2026-04-16,034020,110670.0,111600.0,70974174976800.0,1214752789320.0,90,9960300.0,9943560.0,-16740.0,-0.001680672268907557
2026-02-20,034220,13399.0,13400.0,6655000000000.0,1195139016700.0015,746,9995654.0,9896436.0,-99218.0,-0.009926113889096255
2026-05-13,034220,13695.0,14370.0,7085000000000.0,1262952355336.0,730,9997350.0,10385199.0,387849.0,0.038795180722891676
2026-01-06,034730,276100.0,285000.0,20844527112500.0,1007084481011.9998,36,9939600.0,10157400.0,217800.0,0.021912350597609542
2026-05-06,034730,547350.0,535000.0,37701405560000.0,1313349953592.0002,18,9852300.0,9533700.0,-318600.0,-0.03233762674705398
2026-01-23,035420,253600.0,274000.0,41722801708000.0,1041244497360.0,39,9890400.0,10579140.0,688740.0,0.06963722397476335
2026-01-23,035720,59690.0,62300.0,26992208420000.0,1041244497360.0,167,9968230.0,10300059.0,331829.0,0.0332886580666778
2026-02-12,035720,62530.0,59100.0,26025213337200.0,1157646584400.0002,159,9942270.0,9302931.0,-639339.0,-0.06430513353590273
2026-01-26,035760,66190.0,68900.0,1497761218200.0,1063813823543.9999,151,9994690.0,10299861.0,305171.0,0.030533313189303524
2026-05-15,035900,61980.0,62300.0,2256313242000.0,1229643845220.001,161,9978780.0,9929997.0,-48783.0,-0.004888673765730878
2026-01-30,036540,7330.0,7700.0,1289368775520.0,1130897684159.9995,1364,9998120.0,10397772.0,399652.0,0.039972714870395665
2026-04-24,036540,8292.0,10190.0,1585397320920.0,1269799116100.0,1205,9991860.0,12156160.0,2164300.0,0.21660636758321283
2026-05-15,036540,9008.0,8000.0,1416003208830.0,1229643845220.001,1110,9998880.0,8791200.0,-1207680.0,-0.12078152753108351
2026-05-22,036540,9767.0,10480.0,1685718105750.0,1269452699850.0024,1023,9991641.0,10613830.0,622189.0,0.06227091225555448
2026-01-13,036570,232450.0,245000.0,5310601423000.0,983739303804.0002,43,9995350.0,10429650.0,434300.0,0.04345020434502045
2026-04-09,036570,221350.0,231000.0,5041301148000.0,1159625607888.0,45,9960750.0,10291050.0,330300.0,0.033160153602891373
2026-01-28,036830,47260.0,57000.0,1176083541600.0,1085922226039.9995,211,9971860.0,11906730.0,1934870.0,0.19403300888700814
2026-04-20,036830,56000.0,63400.0,1250742841000.0,1219366812740.0,178,9968000.0,11172348.0,1204348.0,0.12082142857142864
2026-04-21,036830,70050.0,66900.0,1384018717500.0,1239788080155.0,142,9947100.0,9404802.0,-542298.0,-0.054518201284796564
2026-01-02,036930,28190.0,31850.0,1439320374450.0,974951742800.0,354,9979260.0,11162151.0,1182891.0,0.11853494146860588
2026-01-08,036930,32675.0,33850.0,1652027818950.0,994679724539.9991,306,9998550.0,10254519.0,255969.0,0.02560061208875286
2026-01-27,036930,34240.0,37450.0,1727657132550.0,1075665782639.9995,292,9998080.0,10826046.0,827966.0,0.08281249999999996
2026-03-24,036930,80870.0,77000.0,3597638765400.0,1155262463595.9998,123,9947010.0,9376290.0,-570720.0,-0.05737603561271176
2026-04-20,036930,74770.0,95900.0,4253022571500.0,1219366812740.0,133,9944410.0,12627153.0,2682743.0,0.26977397351879095
2026-04-21,036930,110740.0,120000.0,5526605286900.0,1239788080155.0,90,9966600.0,10692000.0,725400.0,0.07278309553910067
2026-02-06,038500,23500.0,20300.0,2120555412900.0,1122572302919.9998,425,9987500.0,8541225.0,-1446275.0,-0.14480851063829792
2026-03-12,038500,21358.0,19390.0,2179909381200.0,1179405191900.0,468,9995544.0,8983775.0,-1011769.0,-0.10122202453413232
2026-04-29,038500,16736.0,17200.0,1823785571400.0,1291041863285.0,597,9991392.0,10165716.0,174324.0,0.01744741873804978
2026-01-05,039030,312050.0,309500.0,3905297350000.0,990242237820.0,32,9985600.0,9804960.0,-180640.0,-0.018090049671527053
2026-04-16,041510,93660.0,97700.0,2220784930000.0,1214752789320.0,106,9927960.0,10252638.0,324678.0,0.0327033952594491
2026-01-08,042660,126550.0,129500.0,39741817201800.0,994679724539.9991,79,9997450.0,10128195.0,130745.0,0.01307783484788616
2026-02-20,042660,148950.0,148900.0,45931367760600.0,1195139016700.0015,67,9979650.0,9876537.0,-103113.0,-0.010332326283987947
2026-04-16,042660,128650.0,131900.0,40415926668600.0,1214752789320.0,77,9906050.0,10054737.0,148687.0,0.01500971628449288
2026-05-26,042660,132180.0,134000.0,41273884171800.0,1302555155500.0022,75,9913500.0,9949500.0,36000.0,0.0036314117113027677
2026-01-05,042700,166870.0,169000.0,15945731060000.0,990242237820.0,59,9845330.0,9871290.0,25960.0,0.002636783124587927
2026-01-29,042700,204010.0,199900.0,19396032700000.0,1128906379840.0,49,9996490.0,9697149.0,-299341.0,-0.029944610558305995
2026-02-26,042700,238250.0,263500.0,26258511100000.0,1221152039013.0017,41,9768250.0,10695465.0,927215.0,0.0949213011542498
2026-02-27,042700,298150.0,314000.0,30833496700000.0,1226078544780.0005,33,9838950.0,10258380.0,419430.0,0.042629548884789426
2026-04-27,042700,309900.0,367000.0,35599106700000.0,1278848931100.0,32,9916800.0,11626560.0,1709760.0,0.17241045498547924
2026-01-29,043260,16512.0,16950.0,1191503426400.0,1128906379840.0,605,9989760.0,10152202.0,162442.0,0.016260901162790775
2026-04-13,043260,47370.0,49250.0,3404295504000.0,1176984685440.0002,211,9995070.0,10287832.0,292762.0,0.029290690310322942
2026-01-16,047040,4106.0,4750.0,1870301871000.0,1002249058200.0,2435,9998110.0,11450588.0,1452478.0,0.14527520701412566
2026-01-20,047040,4710.5,4880.0,2086425642760.0,1022868444160.0,2122,9995681.0,10251806.0,256125.0,0.025623606835792456
2026-02-10,047040,6631.0,7480.0,2934295824280.0,1156573055279.9998,1508,9999548.0,11167042.0,1167494.0,0.11675463730960645
2026-02-26,047040,9624.0,10050.0,4177007511900.0,1221152039013.0017,1039,9999336.0,10337530.0,338194.0,0.03382169576059857
2026-03-13,047040,11122.0,12700.0,5120470900160.0,1174462490800.0,899,9998678.0,11303127.0,1304449.0,0.13046214709584603
2026-03-18,047040,12936.0,14560.0,6180308627060.0,1184976273328.001,773,9999528.0,11142331.0,1142803.0,0.1142857142857141
2026-01-13,047050,51350.0,53200.0,9464645994400.0,983739303804.0002,194,9961900.0,10217592.0,255692.0,0.025666991236611425
2026-01-15,047050,58770.0,57500.0,10150744867600.0,1005271732400.0,170,9990900.0,9677250.0,-313650.0,-0.03139356814701377
2026-02-12,047050,66290.0,67400.0,12138672372000.0,1157646584400.0002,150,9943500.0,10008900.0,65400.0,0.006577160959420736
2026-03-09,047050,83780.0,72900.0,13475685560800.0,1125528629200.0,119,9969820.0,8588349.0,-1381471.0,-0.1385652900453569
2026-01-06,047810,129160.0,134800.0,13266362062700.0,1007084481011.9998,77,9945320.0,10275804.0,330484.0,0.033230102198823275
2026-02-13,047810,169100.0,179200.0,17223851406900.0,1159891746640.0017,59,9976900.0,10467072.0,490172.0,0.049130691898285006
2026-03-03,047810,209900.0,195000.0,19261081143200.0,1167288782820.0002,47,9865300.0,9073350.0,-791950.0,-0.08027632205812296
2026-02-24,048410,20800.0,20600.0,1920819200000.0,1200064601577.0007,480,9984000.0,9789120.0,-194880.0,-0.01951923076923079
2026-04-20,048410,15442.0,14970.0,1438898078520.0,1219366812740.0,647,9990974.0,9588734.0,-402240.0,-0.04026032897293097
2026-05-22,048410,12252.0,14200.0,1297999943400.0,1269452699850.0024,816,9997632.0,11471328.0,1473696.0,0.14740450538687555
2026-05-27,048410,14459.0,13900.0,1369414066680.0,1269725639700.0012,691,9991169.0,9508851.0,-482318.0,-0.04827443115014873
2026-01-16,051600,53940.0,57200.0,2497500000000.0,1002249058200.0,185,9978900.0,10476180.0,497280.0,0.049833147942157874
2026-03-20,051600,64460.0,67000.0,3037500000000.0,1181929530831.9998,155,9991300.0,10281150.0,289850.0,0.029010238907849928
2026-02-25,051910,365600.0,387500.0,27354532912500.0,1218628010747.001,27,9871200.0,10357875.0,486675.0,0.049302516411378505
2026-02-25,051915,174760.0,185500.0,1426272400000.0,1218628010747.001,57,9961320.0,10467765.0,506445.0,0.05084115358205543
2026-04-27,052020,20372.0,20200.0,1380060807300.0,1278848931100.0,490,9982280.0,9799020.0,-183260.0,-0.018358531317494653
2026-01-12,052690,102190.0,102000.0,3917550000000.0,982461512829.9998,97,9912430.0,9795060.0,-117370.0,-0.011840688912809427
2026-01-14,052690,109270.0,114600.0,4464096000000.0,991228730800.0,91,9943570.0,10324314.0,380744.0,0.03829047313992873
2026-01-16,052690,117600.0,130000.0,4842474000000.0,1002249058200.0,85,9996000.0,10939500.0,943500.0,0.0943877551020409
2026-02-20,052690,154650.0,166600.0,6241326000000.0,1195139016700.0015,64,9897600.0,10555776.0,658176.0,0.06649854510184294
2026-02-09,056080,37750.0,44000.0,1408581307600.0,1165622863199.9998,264,9966000.0,11499840.0,1533840.0,0.15390728476821192
2026-01-26,056190,28410.0,29200.0,1066490172000.0,1063813823543.9999,351,9971910.0,10146708.0,174798.0,0.017529039070749652
2026-01-26,058470,74770.0,75300.0,5738752305000.0,1063813823543.9999,133,9944410.0,9914751.0,-29659.0,-0.002982479604119348
2026-03-03,058470,110930.0,112700.0,8497621275000.0,1167288782820.0002,90,9983700.0,10041570.0,57870.0,0.005796448210583227
2026-04-27,058610,128220.0,139900.0,2947371144000.0,1278848931100.0,77,9872940.0,10664577.0,791637.0,0.08018249883013562
2026-03-13,060370,29775.0,32600.0,1723882182000.0,1174462490800.0,335,9974625.0,10811790.0,837165.0,0.08392947103274562
2026-05-04,060370,43155.0,51000.0,2588435215700.0,1316443415650.0002,231,9968805.0,11663190.0,1694385.0,0.1699687174139728
2026-02-23,062040,157130.0,164000.0,5030794440000.0,1202215286680.002,63,9899190.0,10228680.0,329490.0,0.033284541462483386
2026-04-13,062040,159450.0,182900.0,5293480465000.0,1176984685440.0002,62,9885900.0,11226402.0,1340502.0,0.13559736594543748
2026-05-04,062040,323100.0,329000.0,10210385975000.0,1316443415650.0002,30,9693000.0,9771300.0,78300.0,0.008077994428969282
2026-03-03,064350,269450.0,260000.0,27176430957000.0,1167288782820.0002,37,9969650.0,9523800.0,-445850.0,-0.04472072740768229
2026-04-02,064350,208650.0,202000.0,21992172039500.0,1124391727200.0,47,9806550.0,9399060.0,-407490.0,-0.04155283968368084
2026-01-15,064400,63090.0,74500.0,6597933058800.0,1005271732400.0,158,9968220.0,11653290.0,1685070.0,0.16904422253922968
2026-05-08,064400,71060.0,72300.0,6878902308000.0,1288975774665.0005,140,9948400.0,10020780.0,72380.0,0.0072755417956655855
2026-05-12,064400,74560.0,74100.0,7072674204000.0,1264375573560.0005,134,9991040.0,9830106.0,-160934.0,-0.01610783261802573
2026-05-14,064400,77620.0,93700.0,8341880122800.0,1282960950600.0007,128,9935360.0,11873664.0,1938304.0,0.19509147127029114
2026-04-15,065350,58500.0,63600.0,1665527248800.0,1196625751020.0,170,9945000.0,10703880.0,758880.0,0.07630769230769241
2026-01-16,066570,96990.0,97700.0,16028020480800.0,1002249058200.0,103,9989970.0,9962469.0,-27501.0,-0.002752861119703076
2026-02-11,066570,108040.0,127800.0,20833168897300.0,1156576068557.0007,92,9939680.0,11640024.0,1700344.0,0.17106627175120326
2026-04-28,066570,144330.0,141200.0,22804094180000.0,1296152325600.0,69,9958770.0,9645372.0,-313398.0,-0.03146954895032217
2026-04-30,066570,145550.0,146200.0,22950691928300.0,1282759737282.0002,68,9897400.0,9842184.0,-55216.0,-0.005578838886980408
2026-05-12,066570,166020.0,192800.0,30117692956300.0,1264375573560.0005,60,9961200.0,11452320.0,1491120.0,0.1496928080954103
2026-05-12,066575,68770.0,74000.0,1264889011200.0,1264375573560.0005,145,9971650.0,10622700.0,651050.0,0.0652900974262034
2026-03-24,066970,126050.0,128000.0,5040220250000.0,1155262463595.9998,79,9957950.0,10010880.0,52930.0,0.005315351051170092
2026-03-25,066970,136120.0,144200.0,5858752018600.0,1182918764100.0,73,9936760.0,10421334.0,484574.0,0.0487657948868645
2026-01-27,067310,30030.0,34100.0,2220349150950.0,1075665782639.9995,333,9999990.0,11241747.0,1241757.0,0.12417582417582418
2026-04-20,067310,38080.0,38800.0,2572165546200.0,1219366812740.0,262,9976960.0,10063944.0,86984.0,0.008718487394957952
2026-05-15,067310,51010.0,51500.0,3515957555400.0,1229643845220.001,196,9997960.0,9993060.0,-4900.0,-0.0004900999803959527
2026-01-26,068760,67020.0,68800.0,3057734400000.0,1063813823543.9999,149,9985980.0,10148688.0,162708.0,0.016293643688451098
2026-02-23,069620,176500.0,193300.0,2223463742500.0,1202215286680.002,56,9884000.0,10716552.0,832552.0,0.08423229461756376
2026-04-27,069960,107110.0,111600.0,2563844512900.0,1278848931100.0,93,9961230.0,10275012.0,313782.0,0.0315003267668752
2026-04-13,071970,79890.0,85900.0,2869758477000.0,1176984685440.0002,125,9986250.0,10630125.0,643875.0,0.06447615471272994
2026-04-17,071970,88300.0,91000.0,3093640344000.0,1224791156740.0,113,9977900.0,10180170.0,202270.0,0.02027180067950174
2026-04-24,071970,100990.0,115400.0,3887403327000.0,1269799116100.0,99,9998010.0,11310354.0,1312344.0,0.13126052084364792
2026-02-09,073240,6710.0,7000.0,1984968583170.0,1165622863199.9998,1490,9997900.0,10325700.0,327800.0,0.032786885245901676
2026-04-28,073240,6258.0,6130.0,1758032956440.0,1296152325600.0,1597,9994026.0,9691714.0,-302312.0,-0.030249280920421784
2026-01-09,075580,19849.0,20550.0,1159728902400.0,990583314199.9999,503,9984047.0,10233284.0,249236.0,0.024963474230439875
2026-01-09,077970,36560.0,39450.0,1557744844400.0,990583314199.9999,273,9980880.0,10662152.0,681272.0,0.06825765864332611
2026-02-20,077970,36155.0,36600.0,1481463524700.0,1195139016700.0015,276,9978780.0,10000584.0,21804.0,0.0021850366477664807
2026-03-25,077970,36245.0,36350.0,1459382090050.0,1182918764100.0,275,9967375.0,9896288.0,-71088.0,-0.007132018209408231
2026-04-17,077970,34865.0,47200.0,1766514772000.0,1224791156740.0,286,9971390.0,13364208.0,3392818.0,0.34025527032840963
2026-04-21,077970,47450.0,49000.0,2027477181500.0,1239788080155.0,210,9964500.0,10187100.0,222600.0,0.022339304531085347
2026-01-22,078600,63970.0,75000.0,1051132264700.0,1023078807288.0,156,9979320.0,11583000.0,1603680.0,0.1607003282788808
2026-03-06,078600,113530.0,112900.0,1839094448400.0,1169547850000.0,88,9990640.0,9835848.0,-154792.0,-0.015493702105170426
2026-04-24,078600,149490.0,175600.0,2838541250000.0,1269799116100.0,66,9866340.0,11473704.0,1607364.0,0.1629139072847683
2026-01-30,078930,68710.0,68700.0,6383286468600.0,1130897684159.9995,145,9962950.0,9861885.0,-101065.0,-0.010144083830592399
2026-03-03,079550,619500.0,825000.0,14542000000000.0,1167288782820.0002,16,9912000.0,13068000.0,3156000.0,0.31840193704600495
2026-04-22,079550,991000.0,993000.0,22440000000000.0,1241957792300.0,10,9910000.0,9830700.0,-79300.0,-0.008002018163471236
2026-01-02,080220,28066.0,34750.0,1055672831450.0,974951742800.0,356,9991496.0,12247290.0,2255794.0,0.2257713959951544
2026-01-28,080220,36520.0,38350.0,1257163404500.0,1085922226039.9995,273,9969960.0,10364854.0,394894.0,0.03960843373493983
2026-01-30,080220,39250.0,42550.0,1491374668900.0,1130897684159.9995,254,9969500.0,10699623.0,730123.0,0.07323566878980903
2026-04-21,080220,44545.0,46150.0,1613646726050.0,1239788080155.0,224,9978080.0,10234224.0,256144.0,0.02567067010887869
2026-04-24,080220,48180.0,54900.0,1859912982000.0,1269799116100.0,207,9973260.0,11250657.0,1277397.0,0.12808219178082192
2026-05-14,080220,61270.0,76000.0,2603878174800.0,1282960950600.0007,163,9987010.0,12264120.0,2277110.0,0.2280071813285458
2026-01-26,082270,32485.0,32000.0,1451133226000.0,1063813823543.9999,307,9972895.0,9725760.0,-247135.0,-0.024780668000615624
2026-04-27,082640,8768.0,8750.0,1411887618750.0,1278848931100.0,1140,9995520.0,9875250.0,-120270.0,-0.012032390510948954
2026-01-09,082740,47785.0,50500.0,4147322957400.0,990583314199.9999,209,9987065.0,10448955.0,461890.0,0.04624882285235943
2026-01-12,082740,53580.0,53900.0,4572903381600.0,982461512829.9998,186,9965880.0,9925146.0,-40734.0,-0.004087346024636007
2026-04-17,082740,49750.0,55600.0,4681384666200.0,1224791156740.0,201,9999750.0,11063844.0,1064094.0,0.10641206030150752
2026-01-16,083650,58940.0,63300.0,1838095875000.0,1002249058200.0,169,9960860.0,10590723.0,629863.0,0.06323379708177801
2026-01-20,083650,64020.0,62500.0,1980440000000.0,1022868444160.0,156,9987120.0,9652500.0,-334620.0,-0.03350515463917525
2026-02-13,084370,102460.0,115000.0,2566596704000.0,1159891746640.0017,97,9938620.0,11043450.0,1104830.0,0.11116533281280505
2026-02-20,085620,9988.0,16120.0,2195000743600.0,1195139016700.0015,1001,9997988.0,15974759.0,5976771.0,0.597797356828194
2026-03-06,085620,15600.0,13290.0,2579125873730.0,1169547850000.0,641,9999600.0,8433701.0,-1565899.0,-0.15659615384615388
2026-01-16,085660,15196.0,14640.0,1180812363750.0,1002249058200.0,658,9998968.0,9536789.0,-462179.0,-0.046222690181626724
2026-01-07,086280,194960.0,233500.0,16387500000000.0,994024644499.9999,51,9942960.0,11789415.0,1846455.0,0.18570475995075908
2026-05-08,086280,240800.0,252500.0,18825000000000.0,1288975774665.0005,41,9872800.0,10248975.0,376175.0,0.038102159468438535
2026-04-01,086450,25330.0,28250.0,1311682180000.0,1152104765550.0,394,9980020.0,11019195.0,1039175.0,0.10412554283458353
2026-01-26,086520,115640.0,126800.0,17678054990400.0,1063813823543.9999,86,9945040.0,10795752.0,850712.0,0.08554133517813911
2026-01-28,086520,149430.0,174800.0,22891859227200.0,1085922226039.9995,66,9862380.0,11421432.0,1559052.0,0.15808070668540464
2026-05-22,086520,141640.0,151300.0,19891206268000.0,1269452699850.0024,70,9914800.0,10485090.0,570290.0,0.05751906241174809
2026-02-12,088350,4573.5,4525.0,3904042350000.0,1157646584400.0002,2186,9997671.0,9792734.0,-204938.0,-0.020498524106264404
2026-02-13,088350,4948.5,5000.0,4194999900000.0,1159891746640.0017,2020,9995970.0,9999000.0,3030.0,0.0003031221582296961
2026-02-20,088350,5334.0,7200.0,5732298000000.0,1195139016700.0015,1874,9995916.0,13357872.0,3361956.0,0.3363329583802024
2026-05-14,088350,5164.5,5500.0,4768229700000.0,1282960950600.0007,1936,9998472.0,10541520.0,543048.0,0.054313099041533475
2026-01-02,089030,47495.0,54000.0,1886030530500.0,974951742800.0,210,9973950.0,11226600.0,1252650.0,0.1255921675965892
2026-03-03,089030,48365.0,51300.0,1900851988500.0,1167288782820.0002,206,9963190.0,10462122.0,498932.0,0.050077535407836216
2026-04-15,089030,58190.0,57700.0,2134289952000.0,1196625751020.0,171,9950490.0,9768033.0,-182457.0,-0.01833648393194709
2026-04-24,090430,135860.0,145900.0,8417108020100.0,1269799116100.0,73,9917780.0,10544193.0,626413.0,0.06316060650669808
2026-01-13,090710,8632.0,9560.0,1120508507860.0,983739303804.0002,1158,9995856.0,10959775.0,963919.0,0.09643188137164027
2026-01-15,090710,10156.0,11520.0,1334336890490.0,1005271732400.0,984,9993504.0,11222323.0,1228819.0,0.12296179598267032
2026-04-24,090710,11896.0,13430.0,1582807860250.0,1269799116100.0,840,9992640.0,11168388.0,1175748.0,0.11766139878950899
2026-04-09,093370,11072.0,10940.0,1205549909200.0,1159625607888.0,903,9998016.0,9780032.0,-217984.0,-0.02180274566473983
2026-04-17,093370,13783.0,13290.0,1482268660600.0,1224791156740.0,725,9992675.0,9538898.0,-453778.0,-0.04541101356743815
2026-04-10,095340,292450.0,247000.0,5458242435000.0,1171398102160.0,34,9943300.0,8314020.0,-1629280.0,-0.16385706958454438
2026-01-02,095610,46520.0,56600.0,1051669623200.0,974951742800.0,214,9955280.0,11991276.0,2035996.0,0.2045141874462597
2026-01-28,095610,64390.0,77200.0,1320517496800.0,1085922226039.9995,155,9980450.0,11846340.0,1865890.0,0.18695449603975778
2026-04-09,095610,71710.0,78500.0,1446192000000.0,1159625607888.0,139,9967690.0,10802385.0,834695.0,0.08374006414725987
2026-04-10,095610,85150.0,79700.0,1597200000000.0,1171398102160.0,117,9962550.0,9231651.0,-730899.0,-0.07336465061655906
2026-05-11,095610,104710.0,108300.0,2036672000000.0,1290879298300.0005,95,9947450.0,10185615.0,238165.0,0.023942316875179115
2026-01-26,096530,26065.0,26250.0,1357875844000.0,1063813823543.9999,383,9982895.0,9953212.0,-29682.0,-0.0029733358910416507
2026-04-17,096530,28470.0,26000.0,1428380935900.0,1224791156740.0,351,9992970.0,9034740.0,-958230.0,-0.09589041095890416
2026-05-11,096530,26465.0,27750.0,1475384330500.0,1290879298300.0005,377,9977305.0,10357132.0,379828.0,0.03806914793122984
2026-02-20,096770,125130.0,128300.0,21571135748800.0,1195139016700.0015,79,9885270.0,10034343.0,149073.0,0.01508031647087038
2026-04-29,096770,137850.0,146500.0,25324107642400.0,1291041863285.0,72,9925200.0,10442520.0,517320.0,0.05212187159956483
2026-01-07,097230,23860.0,23950.0,2194176859200.0,994024644499.9999,419,9997340.0,9934700.0,-62640.0,-0.0062657166806370235
2026-01-27,097230,27520.0,27350.0,2460548124000.0,1075665782639.9995,363,9989760.0,9828770.0,-160990.0,-0.016115552325581373
2026-02-19,097230,25435.0,25800.0,2302531272000.0,1189097064660.0032,393,9995955.0,10038006.0,42051.0,0.004206801651267966
2026-02-20,097230,26710.0,27100.0,2424429986400.0,1195139016700.0015,374,9989540.0,10034046.0,44506.0,0.004455260202171463
2026-03-12,097230,25210.0,26100.0,2338649409600.0,1179405191900.0,396,9983160.0,10232244.0,249084.0,0.024950416501388295
2026-03-13,097230,28060.0,28000.0,2428944753600.0,1174462490800.0,356,9989360.0,9868320.0,-121040.0,-0.012116892373485344
2026-04-22,097230,28720.0,31150.0,2799155664000.0,1241957792300.0,348,9994560.0,10731798.0,737238.0,0.07376392757660177
2026-01-13,098460,27890.0,29050.0,2042478961250.0,983739303804.0002,358,9984620.0,10295901.0,311281.0,0.03117604876299751
2026-04-17,098460,30355.0,33000.0,2265606915000.0,1224791156740.0,329,9986795.0,10748430.0,761635.0,0.07626420688519198
2026-04-24,098460,35910.0,43250.0,2904096136500.0,1269799116100.0,278,9982980.0,11903265.0,1920285.0,0.19235588972431072
2026-01-02,099320,72400.0,88000.0,975758869800.0,974951742800.0,138,9991200.0,12022560.0,2031360.0,0.20331491712707184
2026-03-20,100090,24735.0,29500.0,1596316195950.0,1181929530831.9998,404,9992940.0,11798820.0,1805880.0,0.18071558520315345
2026-02-03,100790,20769.0,25850.0,1174054411400.0,1151679710159.9998,481,9989889.0,12309512.0,2319622.0,0.23219702441138246
2026-03-27,100790,30380.0,31500.0,1729206836700.0,1168094391099.9995,329,9995020.0,10259865.0,264845.0,0.026497695852534475
2026-04-17,100790,42770.0,45350.0,2459670554200.0,1224791156740.0,233,9965410.0,10460884.0,495474.0,0.04971942950666364
2026-04-08,101490,87890.0,89600.0,1935073525300.0,1129200466578.0005,113,9931570.0,10023552.0,91982.0,0.009261576971214103
2026-04-09,101490,97160.0,101100.0,2178291145900.0,1159625607888.0,102,9910320.0,10209078.0,298758.0,0.03014615067929194
2026-01-06,103140,114390.0,118500.0,3320876943000.0,1007084481011.9998,87,9951930.0,10206405.0,254475.0,0.025570416994492584
2026-03-03,103140,132700.0,152200.0,3659970706800.0,1167288782820.0002,75,9952500.0,11300850.0,1348350.0,0.13547852298417484
2026-02-23,103590,77230.0,80800.0,3924507597000.0,1202215286680.002,129,9962670.0,10318968.0,356298.0,0.03576330441538267
2026-04-23,103590,94490.0,91400.0,4377518802000.0,1245145764495.0,105,9921450.0,9501030.0,-420420.0,-0.04237485448195577
2026-02-06,105560,148100.0,150500.0,55666572931500.0,1122572302919.9998,67,9922700.0,9982665.0,59965.0,0.006043214044564538
2026-01-15,108490,258650.0,273500.0,3948493848000.0,1005271732400.0,38,9828700.0,10289070.0,460370.0,0.04683935820606999
2026-04-27,108490,325650.0,345000.0,5100645744000.0,1278848931100.0,30,9769500.0,10246500.0,477000.0,0.048825426070935096
2026-05-11,108490,356150.0,378500.0,5533028070000.0,1290879298300.0005,28,9972200.0,10492020.0,519820.0,0.05212691281763293
2026-02-04,112610,42880.0,44250.0,1891387424550.0,1170392806559.9993,233,9991040.0,10207148.0,216108.0,0.021630130597015018
2026-04-03,112610,69380.0,75500.0,3242980890700.0,1118278683000.0,144,9990720.0,10763280.0,772560.0,0.07732776016142973
2026-03-04,114800,1798.7,1650.0,1173959598000.0,1048497985220.0002,5559,9998973.0,9080626.0,-918347.0,-0.09184410963473622
2026-03-06,115180,40910.0,39400.0,1534036062000.0,1169547850000.0,244,9982040.0,9517464.0,-464576.0,-0.04654118797360063
2026-03-10,115180,50550.0,52600.0,1895204746500.0,1163441838500.0,197,9958350.0,10258578.0,300228.0,0.030148367952522293
2026-01-13,120110,46790.0,47050.0,1312660640700.0,983739303804.0002,213,9966270.0,9921434.0,-44836.0,-0.004498824535157042
2026-03-25,120110,76910.0,78700.0,2168504370800.0,1182918764100.0,130,9998300.0,10128690.0,130390.0,0.013041217006891204
2026-04-28,120110,100850.0,99100.0,2994603200000.0,1296152325600.0,99,9984150.0,9712791.0,-271359.0,-0.027178978681209665
2026-04-29,126340,158700.0,178300.0,1310123035200.0,1291041863285.0,63,9998100.0,11120571.0,1122471.0,0.11226843100189043
2026-04-17,131290,162130.0,167000.0,1808543641500.0,1224791156740.0,61,9889930.0,10085130.0,195200.0,0.019737247887497755
2026-03-17,131970,87020.0,85700.0,1598362582600.0,1171895543590.0002,114,9920280.0,9672102.0,-248178.0,-0.025017237416685822
2026-01-22,137400,40805.0,46500.0,1041207495600.0,1023078807288.0,245,9997225.0,11278575.0,1281350.0,0.1281705673324347
2026-04-21,137400,58180.0,61700.0,1442765335200.0,1239788080155.0,171,9948780.0,10445193.0,496413.0,0.049896871777243
2026-03-20,138930,18700.0,18200.0,5849664572050.0,1181929530831.9998,534,9985800.0,9621612.0,-364188.0,-0.036470588235294144
2026-03-20,139130,17150.0,16660.0,2769167810920.0,1181929530831.9998,583,9998450.0,9615652.0,-382798.0,-0.03828571428571437
2026-04-10,139130,17416.0,18000.0,2904092460640.0,1171398102160.0,574,9996784.0,10228680.0,231896.0,0.023197060174552142
2026-02-05,139480,105660.0,118100.0,2858926848400.0,1135946608799.9995,94,9932040.0,10990386.0,1058346.0,0.10655877342419084
2026-01-26,140410,129310.0,144800.0,4645678842000.0,1063813823543.9999,77,9956870.0,11038104.0,1081234.0,0.10859175624468342
2026-01-26,140860,254800.0,264500.0,1864561120500.0,1063813823543.9999,39,9937200.0,10212345.0,275145.0,0.0276883830455259
2026-05-04,140860,300950.0,322000.0,2190235341000.0,1316443415650.0002,33,9931350.0,10519740.0,588390.0,0.05924572188071098
2026-01-26,141080,181040.0,184600.0,6794878732800.0,1063813823543.9999,55,9957200.0,10051470.0,94270.0,0.009467520989836498
2026-01-26,144600,18127.0,18085.0,1186370299000.0,1063813823543.9999,551,9987977.0,9865187.0,-122790.0,-0.01229381585480216
2026-05-08,145020,290900.0,292500.0,3586625619500.0,1288975774665.0005,34,9890600.0,9845550.0,-45050.0,-0.004554829838432473
2026-01-13,157450,110907.0,110910.0,1006604716630.0,983739303804.0002,90,9981630.0,9882081.0,-99549.0,-0.009973220806621774
2026-04-09,157450,111444.5,111460.0,1244250574560.0,1159625607888.0,89,9918560.0,9820741.0,-97820.0,-0.00986230814441269
2026-04-17,157450,111535.5,111520.0,1332012463830.0,1224791156740.0,89,9926660.0,9826027.0,-100632.0,-0.01013757951504235
2026-04-29,157450,111628.0,111655.0,1332231511140.0,1291041863285.0,89,9934892.0,9837922.0,-96970.0,-0.009760543949546618
2026-05-11,157450,111697.0,111705.0,1388032025220.0,1290879298300.0005,89,9941033.0,9842328.0,-98705.0,-0.009929093887928842
2026-05-22,157450,111795.0,111785.0,1342658837520.0,1269452699850.0024,89,9949755.0,9849376.0,-100379.0,-0.010088554944317707
2026-01-19,160190,66230.0,68700.0,2026252800000.0,1015144401300.0,150,9934500.0,10201950.0,267450.0,0.026921334742563863
2026-01-21,160190,69090.0,78000.0,2251735200000.0,1014238177020.0,144,9948960.0,11119680.0,1170720.0,0.11767260095527576
2026-04-09,160190,37160.0,38700.0,1189188000000.0,1159625607888.0,269,9996040.0,10306197.0,310157.0,0.0310279870828849
2026-04-27,160190,45085.0,46150.0,1417759200000.0,1278848931100.0,221,9963785.0,10097158.0,133374.0,0.013385826771653564
2026-01-26,161580,47970.0,49300.0,1181838723500.0,1063813823543.9999,208,9977760.0,10151856.0,174096.0,0.017448405253283283
2026-02-26,161580,51585.0,53000.0,1277789986200.0,1221152039013.0017,193,9955905.0,10126710.0,170805.0,0.017156150043617258
2026-03-23,161890,78960.0,79500.0,1810509405900.0,1129886164335.9998,126,9948960.0,9916830.0,-32130.0,-0.0032294832826748054
2026-01-07,166090,54165.0,50300.0,1002728071800.0,994024644499.9999,184,9966360.0,9162648.0,-803712.0,-0.08064248130711715
2026-02-19,171090,122390.0,131100.0,1233979717500.0,1189097064660.0032,81,9913590.0,10512909.0,599319.0,0.060454285480839864
2026-02-27,178320,40600.0,46300.0,2758741777650.0,1226078544780.0005,246,9987600.0,11275902.0,1288302.0,0.12899014778325113
2026-01-06,181710,33150.0,34500.0,1139809237200.0,1007084481011.9998,301,9978150.0,10280655.0,302505.0,0.030316742081447856
2026-02-19,181710,39950.0,42050.0,1388733093600.0,1189097064660.0032,250,9987500.0,10407375.0,419875.0,0.04204005006257816
2026-04-15,181710,41220.0,41400.0,1355979954600.0,1196625751020.0,242,9975240.0,9918612.0,-56628.0,-0.005676855895196509
2026-01-20,185750,84440.0,84700.0,1177377134000.0,1022868444160.0,118,9963920.0,9894654.0,-69266.0,-0.006951681667456189
2026-01-29,189300,92050.0,104200.0,1129146736800.0,1128906379840.0,108,9941400.0,11141064.0,1199664.0,0.12067354698533417
2026-04-15,189300,132530.0,136200.0,1471037089000.0,1196625751020.0,75,9939750.0,10112850.0,173100.0,0.017414924922658948
2026-04-28,192080,59470.0,61900.0,1312755016000.0,1296152325600.0,168,9990960.0,10295208.0,304248.0,0.03045232890533045
2026-03-20,192820,185230.0,192200.0,2225638714900.0,1181929530831.9998,53,9817190.0,10084734.0,267544.0,0.027252604869621555
2026-04-23,195870,74360.0,79100.0,1293700000000.0,1245145764495.0,134,9964240.0,10493406.0,529166.0,0.053106508875739644
2026-05-26,195870,101100.0,101800.0,1740800000000.0,1302555155500.0022,98,9907800.0,9876636.0,-31164.0,-0.003145400593471792
2026-01-07,195940,52355.0,55100.0,1552478026800.0,994024644499.9999,191,9999805.0,10418859.0,419054.0,0.04190621717123477
2026-01-26,195940,50850.0,51500.0,1490152266600.0,1063813823543.9999,196,9966600.0,9993060.0,26460.0,0.0026548672566371057
2026-01-22,204270,19906.0,20500.0,1191678399600.0,1023078807288.0,502,9992812.0,10188090.0,195278.0,0.01954184667939307
2026-02-25,204320,62010.0,63000.0,2920732864000.0,1218628010747.001,161,9983610.0,10041570.0,57960.0,0.005805515239477588
2026-05-08,204320,60160.0,61300.0,2812731488000.0,1288975774665.0005,166,9986560.0,10074042.0,87482.0,0.008759973404255383
2026-01-08,207940,1808300.0,1875000.0,87258442635000.0,994679724539.9991,5,9041500.0,9281250.0,239750.0,0.026516617817839983
2026-01-26,214370,94270.0,97700.0,5414472000000.0,1063813823543.9999,106,9992620.0,10252638.0,260018.0,0.02602100350058345
2026-02-19,214370,130610.0,145200.0,7799418000000.0,1189097064660.0032,76,9926360.0,10924848.0,998488.0,0.10058954138274245
2026-04-02,214370,105890.0,109500.0,5709904500000.0,1124391727200.0,94,9953660.0,10190070.0,236410.0,0.02375106242326952
2026-04-09,214980,114859.5,114860.0,2065326566040.0,1159625607888.0,87,9992776.0,9892892.0,-99885.0,-0.009995690386950917
2026-02-19,218410,53135.0,63000.0,1561052733800.0,1189097064660.0032,188,9989380.0,11725560.0,1736180.0,0.17380257833819512
2026-03-11,218410,87900.0,87600.0,2379188403200.0,1159905887000.0,113,9932700.0,9799812.0,-132888.0,-0.013378839590443725
2026-05-12,218410,114460.0,108100.0,2987262225000.0,1264375573560.0005,87,9958020.0,9310653.0,-647367.0,-0.06500961034422503
2026-04-21,222080,13318.0,17550.0,1268594148640.0,1239788080155.0,750,9988500.0,13030875.0,3042375.0,0.30458777594233366
2026-01-28,222800,56330.0,62000.0,2229330414600.0,1085922226039.9995,177,9970410.0,10864260.0,893850.0,0.08965027516421098
2026-04-08,222800,63530.0,66100.0,2539270824000.0,1129200466578.0005,157,9974210.0,10273923.0,299713.0,0.030048795844482834
2026-05-07,222800,107650.0,103900.0,3976946217000.0,1296490126860.0005,92,9903800.0,9463212.0,-440588.0,-0.044486762656757994
2026-02-25,226950,151580.0,159700.0,3301045870500.0,1218628010747.001,65,9852700.0,10276695.0,423995.0,0.04303338171262694
2026-01-26,229200,17363.5,18225.0,2020864581000.0002,1063813823543.9999,575,9984012.0,10374581.0,390569.0,0.03911941716819767
2026-03-12,229640,43520.0,46750.0,1454681752500.0,1179405191900.0,229,9966080.0,10598692.0,632612.0,0.0634765625
2026-04-15,229640,47270.0,53200.0,1549618877400.0,1196625751020.0,211,9973970.0,11112948.0,1138978.0,0.11419504971440664
2026-04-29,229640,79190.0,87700.0,2783801501100.0,1291041863285.0,126,9977940.0,10939698.0,961758.0,0.09638843288293986
2026-01-26,232140,15546.0,16420.0,1334057391000.0,1063813823543.9999,643,9996078.0,10452479.0,456401.0,0.045658047086067244
2026-01-28,232140,19166.0,19720.0,1576091173500.0,1085922226039.9995,521,9985486.0,10171379.0,185893.0,0.018616299697380878
2026-04-24,232140,21780.0,23500.0,1911656655000.0,1269799116100.0,459,9997020.0,10678635.0,681615.0,0.06818181818181812
2026-01-26,233740,14312.5,15725.0,2494689284000.0,1063813823543.9999,698,9990125.0,10866290.0,876164.0,0.08770305676855905
2026-04-27,237690,154490.0,167500.0,3491357772500.0,1278848931100.0,64,9887360.0,10612800.0,725440.0,0.07337044468897669
2026-01-02,240810,72330.0,83000.0,3926712080000.0,974951742800.0,138,9981540.0,11339460.0,1357920.0,0.13604313562837
2026-01-26,240810,78900.0,85000.0,4181948365200.0,1063813823543.9999,126,9941400.0,10602900.0,661500.0,0.06653992395437269
2026-01-22,247540,167900.0,176700.0,16860951705600.0,1023078807288.0,59,9906100.0,10321047.0,414947.0,0.041888028588445536
2026-01-26,247540,185860.0,201500.0,20440480896000.0,1063813823543.9999,53,9850580.0,10572705.0,722125.0,0.07330786613580109
2026-03-04,252670,320.4,264.0,1989218175000.0,1048497985220.0002,31210,9999684.0,8157046.0,-1842638.0,-0.1842696629213484
2026-01-21,257720,46460.0,46700.0,2914841416200.0,1014238177020.0,215,9988900.0,9940095.0,-48805.0,-0.0048859233749461994
2026-04-13,257720,43505.0,47250.0,2868962485200.0,1176984685440.0002,229,9962645.0,10712048.0,749402.0,0.0752212389380531
2026-01-26,259960,243150.0,260000.0,12111678820500.0,1063813823543.9999,41,9969150.0,10553400.0,584250.0,0.05860579888957429
2026-01-02,263750,37835.0,40000.0,2557064629000.0,974951742800.0,264,9988440.0,10454400.0,465960.0,0.04664992731597728
2026-01-26,263750,46875.0,50100.0,3199543179000.0,1063813823543.9999,213,9984375.0,10564587.0,580212.0,0.05811199999999994
2026-03-03,263750,60770.0,60500.0,3854871300000.0,1167288782820.0002,164,9966280.0,9822780.0,-143500.0,-0.014398551917064295
2026-01-12,267250,216230.0,227000.0,18010423380000.0,982461512829.9998,46,9946580.0,10337580.0,391000.0,0.039309993987883374
2026-01-26,267270,118130.0,116700.0,5651351100400.0,1063813823543.9999,84,9922920.0,9704772.0,-218148.0,-0.02198425463472442
2026-01-09,272210,64120.0,78300.0,14527901014100.0,990583314199.9999,155,9938600.0,12015135.0,2076535.0,0.20893636930754833
2026-02-03,272210,103900.0,124800.0,22575866985500.0,1151679710159.9998,96,9974400.0,11860992.0,1886592.0,0.18914340712223288
2026-03-03,272210,137360.0,176900.0,27714474366300.0,1167288782820.0002,72,9889920.0,12609432.0,2719512.0,0.27497815958066396
2026-01-15,277810,461900.0,512000.0,10068526302000.0,1005271732400.0,21,9699900.0,10644480.0,944580.0,0.09738038536479765
2026-01-26,277810,592100.0,650000.0,13172503582000.0,1063813823543.9999,16,9473600.0,10296000.0,822400.0,0.08680966053031591
2026-02-26,277810,841200.0,851000.0,17071875040000.0,1221152039013.0017,11,9253200.0,9267390.0,14190.0,0.0015335235378031165
2026-04-27,277810,656900.0,693000.0,12978505002000.0,1278848931100.0,15,9853500.0,10291050.0,437550.0,0.044405541178261565
2026-05-08,277810,746500.0,786000.0,15209488672000.0,1288975774665.0005,13,9704500.0,10115820.0,411320.0,0.04238446081714664
2026-01-22,278470,266925.0,282000.0,10705167330000.0,1023078807288.0,37,9876225.0,10329660.0,453435.0,0.04591177296993543
2026-04-09,278470,372400.0,373000.0,13683645652500.0,1159625607888.0,26,9682400.0,9601020.0,-81380.0,-0.008404940923737891
2026-02-24,278540,30862.5,31305.0,2482495245000.0,1200064601577.0007,324,9999450.0,10041392.0,41942.0,0.004194410692588191
2026-02-26,278540,32515.0,32345.0,2653531974000.0,1221152039013.0017,307,9982105.0,9830616.0,-151489.0,-0.015176072581885358
2026-01-22,281740,18658.0,22500.0,1383628035400.0,1023078807288.0,535,9982030.0,11917125.0,1935095.0,0.19385786257905457
2026-01-26,281740,24145.0,23500.0,1620258008200.0,1063813823543.9999,414,9996030.0,9631710.0,-364320.0,-0.036446469248291535
2026-04-15,281740,20990.0,22150.0,1442785528600.0,1196625751020.0,476,9991240.0,10437966.0,446726.0,0.044711767508337275
2026-04-21,281740,24585.0,24700.0,1620258008200.0,1239788080155.0,406,9981510.0,9927918.0,-53592.0,-0.005369127516778538
2026-02-11,282330,137260.0,138300.0,2431845574200.0,1156576068557.0007,72,9882720.0,9858024.0,-24696.0,-0.002498907183447474
2026-03-27,282330,126960.0,129100.0,2252092951800.0,1168094391099.9995,78,9902880.0,9969102.0,66222.0,0.006687145557656038
2026-03-30,282330,134210.0,136600.0,2397277762200.0,1126014196599.9995,74,9931540.0,10007316.0,75776.0,0.007629833842485612
2026-01-26,290650,61510.0,63300.0,1612249888700.0,1063813823543.9999,162,9964620.0,10152054.0,187434.0,0.01880994960169069
2026-01-23,293490,14615.0,15140.0,1346803665000.0,1041244497360.0,684,9996660.0,10252202.0,255542.0,0.025562777967841344
2026-01-26,293490,15686.0,15930.0,1458139434640.0,1063813823543.9999,637,9991982.0,10045936.0,53954.0,0.005399719495091215
2026-01-06,294400,85617.0,87235.0,1408594492000.0,1007084481011.9998,116,9931572.0,10018067.0,86495.0,0.00870913486807523
2026-02-27,294400,124740.0,120045.0,1881356786000.0,1226078544780.0005,80,9979200.0,9507564.0,-471636.0,-0.04726190476190473
2026-04-29,294400,132437.0,133425.0,1941830397500.0,1291041863285.0,75,9932775.0,9906806.0,-25969.0,-0.0026144506444573112
2026-03-20,294870,22725.0,23750.0,1588366653000.0,1181929530831.9998,440,9999000.0,10345500.0,346500.0,0.034653465346534684
2026-03-11,295310,103930.0,104700.0,1294930092800.0,1159905887000.0,96,9977280.0,9950688.0,-26592.0,-0.0026652554604060796
2026-01-15,298020,242600.0,269000.0,1148999571000.0,1005271732400.0,41,9946600.0,10918710.0,972110.0,0.09773289365210225
2026-01-16,298020,290350.0,289000.0,1246372416000.0,1002249058200.0,34,9871900.0,9727740.0,-144160.0,-0.014603065266058257
2026-01-21,298020,310775.0,403000.0,1642355319000.0,1014238177020.0,32,9944800.0,12767040.0,2822240.0,0.2837905236907732
2026-04-09,298020,430650.0,458000.0,1964767628000.0,1159625607888.0,23,9904950.0,10428660.0,523710.0,0.05287356321839076
2026-01-26,298380,217220.0,236500.0,13285164765000.0,1063813823543.9999,46,9992120.0,10770210.0,778090.0,0.07787036184513396
2026-04-21,305540,24824.6,26450.0,1431865120000.0,1239788080155.0,402,9979489.0,10526571.0,547082.0,0.054820621480305975
2026-04-21,305720,20241.5,21605.0,2378470540000.0,1239788080155.0,494,9999301.0,10566141.0,566840.0,0.05668799249067513
2026-01-06,307950,341500.0,319500.0,8556282384000.0,1007084481011.9998,29,9903500.0,9172845.0,-730655.0,-0.07377745241581257
2026-01-07,307950,356600.0,416500.0,10818760899000.0,994024644499.9999,28,9984800.0,11545380.0,1560580.0,0.1562955692652832
2026-03-17,307950,462800.0,434000.0,11586632395000.0,1171895543590.0002,21,9718800.0,9022860.0,-695940.0,-0.07160760587726878
2026-04-16,307950,448050.0,442500.0,11984280134000.0,1214752789320.0,22,9857100.0,9637650.0,-219450.0,-0.02226314027452292
2026-04-28,307950,465500.0,485500.0,13108663396000.0,1296152325600.0,21,9775500.0,10093545.0,318045.0,0.03253490870032216
2026-05-08,307950,513450.0,574000.0,16234997344000.0,1288975774665.0005,19,9755550.0,10796940.0,1041390.0,0.10674846625766876
2026-05-11,307950,651700.0,652000.0,17414228570000.0,1290879298300.0005,15,9775500.0,9682200.0,-93300.0,-0.009544268835353642
2026-05-27,307950,650300.0,756000.0,20979346230000.0,1269725639700.0012,15,9754500.0,11226600.0,1472100.0,0.15091496232508073
2026-02-23,310210,246050.0,287000.0,5168579401000.0,1202215286680.002,40,9842000.0,11365200.0,1523200.0,0.15476529160739694
2026-04-20,310210,325350.0,342000.0,6302743567500.0,1219366812740.0,30,9760500.0,10157400.0,396900.0,0.04066390041493784
2026-01-02,310970,26861.0,27765.0,3135287550000.0,974951742800.0,372,9992292.0,10225294.0,233002.0,0.023318193663675935
2026-04-21,310970,42154.5,42400.0,5070512040000.0,1239788080155.0,237,9990616.0,9948312.0,-42304.0,-0.004234423371170304
2026-05-22,310970,56476.5,56175.0,5904735490000.0,1269452699850.0024,177,9996340.0,9843545.0,-152795.0,-0.015285118589147717
2026-01-06,315930,46797.5,48010.0,1443699432000.0,1007084481011.9998,213,9967868.0,10123869.0,156001.0,0.01565040867567702
2026-02-25,315930,66738.5,66950.0,1689773565000.0,1218628010747.001,149,9944036.0,9875794.0,-68242.0,-0.006862605542527933
2026-04-02,319400,30350.0,28500.0,2968171439350.0,1124391727200.0,329,9985150.0,9282735.0,-702415.0,-0.07034596375617796
2026-04-17,319400,33725.0,30850.0,3608583663600.0,1224791156740.0,296,9982600.0,9040284.0,-942316.0,-0.0943958487768718
2026-05-12,319400,44425.0,43950.0,4733481657500.0,1264375573560.0005,225,9995625.0,9789862.0,-205762.0,-0.02058525604952166
2026-01-27,319660,44290.0,48200.0,1368677236500.0,1075665782639.9995,225,9965250.0,10736550.0,771300.0,0.07739896139083324
2026-02-19,319660,64470.0,62600.0,1819109639200.0,1189097064660.0032,155,9992850.0,9605970.0,-386880.0,-0.038715681712424344
2026-04-22,322000,180830.0,183000.0,2042880000000.0,1241957792300.0,55,9945650.0,9964350.0,18700.0,0.001880218990211846
2026-05-14,322000,232300.0,240500.0,2732800000000.0,1282960950600.0007,43,9988900.0,10238085.0,249185.0,0.02494619027120093
2026-01-28,323280,60740.0,70800.0,2171651976000.0,1085922226039.9995,164,9961360.0,11495088.0,1533728.0,0.1539677313137966
2026-02-27,323280,71770.0,76600.0,2412500420000.0,1226078544780.0005,139,9976030.0,10540926.0,564896.0,0.05662533091821098
2026-04-21,323280,63660.0,73500.0,2021614276000.0,1239788080155.0,157,9994620.0,11424105.0,1429485.0,0.14302544769085768
2026-04-27,323280,83910.0,87500.0,2739256806000.0,1278848931100.0,119,9985290.0,10308375.0,323085.0,0.03235609581694665
2026-01-23,323410,21695.0,23750.0,11209768769500.0,1041244497360.0,460,9979700.0,10815750.0,836050.0,0.0837750633786587
2026-02-04,323410,23825.0,25500.0,11925285925000.0,1170392806559.9993,419,9982675.0,10577655.0,594980.0,0.05960125918153203
2026-02-05,323410,27810.0,26950.0,12807757083450.0,1135946608799.9995,359,9983790.0,9578300.0,-405490.0,-0.040614886731391575
2026-01-26,328130,40915.0,41450.0,1231709006600.0,1063813823543.9999,244,9983260.0,10012662.0,29402.0,0.0029451301478675695
2026-04-22,329180,611300.0,638000.0,67280145225000.0,1241957792300.0,16,9780800.0,10105920.0,325120.0,0.033240634712906836
2026-01-13,336260,33015.0,33500.0,2226786684000.0,983739303804.0002,302,9970530.0,10015830.0,45300.0,0.004543389368468986
2026-01-14,336260,35425.0,35900.0,2416718489400.0,991228730800.0,282,9989850.0,10022562.0,32712.0,0.003274523641496163
2026-03-12,336260,43180.0,47800.0,3029084827500.0,1179405191900.0,231,9974580.0,10931382.0,956802.0,0.09592403890690138
2026-04-14,336260,41060.0,44350.0,2848977081000.0,1183660124900.0002,243,9977580.0,10669280.0,691700.0,0.06932537749634671
2026-05-06,336260,63360.0,78200.0,5128158745800.0,1313349953592.0002,157,9947520.0,12154626.0,2207106.0,0.22187500000000004
2026-05-22,336260,99630.0,99200.0,6431483893200.0,1269452699850.0024,100,9963000.0,9820800.0,-142200.0,-0.01427280939476061
2026-02-06,347700,28485.0,37900.0,1750683691800.0,1122572302919.9998,351,9998235.0,13169871.0,3171636.0,0.31721958925750404
2026-05-11,347700,44780.0,47400.0,2351690193600.0,1290879298300.0005,223,9985940.0,10464498.0,478558.0,0.047923179991067544
2026-05-27,347850,76260.0,105000.0,4327849723600.0,1269725639700.0012,131,9990060.0,13617450.0,3627390.0,0.3630999213217938
2026-01-21,348340,98600.0,124000.0,1318991465000.0,1014238177020.0,101,9958600.0,12398760.0,2440160.0,0.24503042596348878
2026-01-26,348370,69540.0,72200.0,1592874914400.0,1063813823543.9999,143,9944220.0,10221354.0,277134.0,0.02786885245901649
2026-01-28,348370,82690.0,93800.0,1933737036000.0,1085922226039.9995,120,9922800.0,11143440.0,1220640.0,0.1230136654976417
2026-01-02,352820,348750.0,351000.0,14728656366000.0,974951742800.0,28,9765000.0,9729720.0,-35280.0,-0.0036129032258064298
2026-04-30,352820,274500.0,270500.0,11335891487000.0,1282759737282.0002,36,9882000.0,9640620.0,-241380.0,-0.02442622950819673
2026-01-15,353200,46405.0,51200.0,2500496405000.0,1005271732400.0,215,9977075.0,10897920.0,920845.0,0.09229608878353623
2026-01-28,353200,54675.0,56500.0,2693222412500.0,1085922226039.9995,182,9950850.0,10180170.0,229320.0,0.023045267489711918
2026-01-30,353200,60630.0,62400.0,3128091352500.0,1130897684159.9995,164,9943320.0,10131264.0,187944.0,0.018901533894111866
2026-03-18,353200,72230.0,72400.0,3696385990000.0,1184976273328.001,138,9967740.0,9891288.0,-76452.0,-0.007669943236882193
2026-04-21,361610,26115.0,29600.0,2179626215000.0,1239788080155.0,382,9975930.0,11194128.0,1218198.0,0.1221137277426767
2026-04-13,371460,14053.5,14000.0,1310568095200.0,1176984685440.0002,711,9992038.0,9854460.0,-137578.0,-0.01376881203970537
2026-04-21,373220,454800.0,491500.0,111852000000000.0,1239788080155.0,21,9550800.0,10218285.0,667485.0,0.06988786279683379
2026-03-20,375500,59390.0,70200.0,2607950190200.0,1181929530831.9998,168,9977520.0,11675664.0,1698144.0,0.17019700286243467
2026-04-08,375500,83450.0,90800.0,3683632909600.0,1129200466578.0005,119,9930550.0,10697148.0,766598.0,0.07719592570401446
2026-03-11,376900,91440.0,96400.0,1519164433000.0,1159905887000.0,109,9966960.0,10402524.0,435564.0,0.0437007874015749
2026-01-06,377300,52180.0,52000.0,6946460710000.0,1007084481011.9998,191,9966380.0,9832680.0,-133700.0,-0.01341510157148329
2026-01-23,377300,55310.0,77900.0,9162841170000.0,1041244497360.0,180,9955800.0,13881780.0,3925980.0,0.3943409871632617
2026-03-20,377300,61800.0,61500.0,8694919017800.0,1181929530831.9998,161,9949800.0,9802485.0,-147315.0,-0.014805825242718451
2026-05-06,377300,60410.0,61800.0,8561031731100.0,1313349953592.0002,165,9967650.0,10095030.0,127380.0,0.012779341168680736
2026-01-30,383220,71360.0,74300.0,2800247182500.0,1130897684159.9995,140,9990400.0,10297980.0,307580.0,0.03078755605381156
2026-04-06,385540,105670.5,105710.0,1832492049900.0,1115833288800.0,94,9933027.0,9837373.0,-95654.0,-0.009629934560733688
2026-01-14,388210,103280.0,111000.0,1058940969600.0,991228730800.0,96,9914880.0,10549440.0,634560.0,0.06400077459333842
2026-04-17,388210,164460.0,162000.0,1554302425000.0,1224791156740.0,60,9867600.0,9622800.0,-244800.0,-0.024808464064210112
2026-01-15,388720,89590.0,90500.0,1060899306500.0,1005271732400.0,111,9944490.0,9945045.0,555.0,5.5809800200812276e-05
2026-01-16,388720,95120.0,93500.0,1042184434500.0,1002249058200.0,105,9987600.0,9719325.0,-268275.0,-0.026860807401177467
2026-01-19,388720,101480.0,101000.0,1145116230500.0,1015144401300.0,98,9945040.0,9799020.0,-146020.0,-0.0146826960977533
2026-02-27,389470,90360.0,91500.0,1242756684000.0,1226078544780.0005,110,9939600.0,9964350.0,24750.0,0.002490039840637559
2026-03-19,395270,36151.0,36340.0,1647121500000.0,1165146460760.0012,276,9977676.0,9929542.0,-48134.0,-0.004824209565433946
2026-04-08,395270,36921.5,36330.0,1908489096500.0,1129200466578.0005,270,9968805.0,9711009.0,-257796.0,-0.025860271115745515
2026-02-12,397030,71700.0,66200.0,1608306931400.0,1157646584400.0002,139,9966300.0,9109782.0,-856518.0,-0.08594142259414228
2026-05-27,397030,58450.0,65400.0,1538288368200.0,1269725639700.0012,171,9994950.0,11071566.0,1076616.0,0.10771599657827213
2026-05-04,402340,934900.0,1100000.0,130770760526000.0,1316443415650.0002,10,9349000.0,10890000.0,1541000.0,0.16483046315113925
2026-01-06,403870,35875.0,36250.0,3273353737200.0,1007084481011.9998,278,9973250.0,9976725.0,3475.0,0.00034843205574919267
2026-01-16,403870,36900.0,35400.0,2989077806000.0,1002249058200.0,271,9999900.0,9497466.0,-502434.0,-0.050243902439024435
2026-01-28,403870,40985.0,46650.0,3695961280000.0,1085922226039.9995,243,9959355.0,11222590.0,1263236.0,0.1268390874710259
2026-03-18,403870,46355.0,48300.0,4115000000000.0,1184976273328.001,215,9966325.0,10280655.0,314330.0,0.031539208283896114
2026-04-23,403870,51105.0,51600.0,4197300000000.0,1245145764495.0,195,9965475.0,9961380.0,-4095.0,-0.00041091869680065507
2026-05-26,403870,59430.0,61900.0,4946230000000.0,1302555155500.0022,168,9984240.0,10295208.0,310968.0,0.03114588591620393
2026-03-13,417200,19739.0,22850.0,1545863258150.0,1174462490800.0,506,9987934.0,11446479.0,1458545.0,0.1460307006433963
2026-04-14,417200,22008.0,22700.0,1481593232100.0,1183660124900.0002,454,9991632.0,10202742.0,211110.0,0.021128680479825412
2026-04-22,417200,24700.0,26300.0,1701464373850.0,1241957792300.0,404,9978800.0,10518948.0,540148.0,0.05412955465587044
2026-04-29,417200,28800.0,31600.0,2114145593750.0,1291041863285.0,347,9993600.0,10855548.0,861948.0,0.08624999999999994
2026-01-12,423160,110748.5,110755.0,4371913145380.0,982461512829.9998,90,9967365.0,9868270.0,-99094.0,-0.009941895375558119
2026-05-06,426030,50903.5,50965.0,1646777899600.0,1313349953592.0002,196,9977086.0,9889249.0,-87837.0,-0.008803913286905662
2026-01-02,436140,110585.5,110395.0,1022464465680.0,974951742800.0,90,9952695.0,9836194.0,-116500.0,-0.011705422501141705
2026-01-16,437730,70150.0,71800.0,2248066500300.0,1002249058200.0,142,9961300.0,10093644.0,132344.0,0.013285816108339343
2026-05-26,437730,57590.0,61500.0,1902454020000.0,1302555155500.0022,173,9963070.0,10533105.0,570035.0,0.05721479423511022
2026-05-27,437730,65280.0,58400.0,1930990830300.0,1269725639700.0012,153,9987840.0,8845848.0,-1141992.0,-0.11433823529411768
2026-01-27,439260,72130.0,73600.0,2831683932000.0,1075665782639.9995,138,9953940.0,10055232.0,101292.0,0.010176070982947483
2026-02-23,439260,91280.0,93100.0,3478925973600.0,1202215286680.002,109,9949520.0,10046421.0,96901.0,0.009739263803681064
2026-02-04,440110,35850.0,41100.0,1774334554050.0,1170392806559.9993,278,9966300.0,11311542.0,1345242.0,0.134979079497908
2026-02-05,440110,41100.0,44650.0,2212350197100.0,1135946608799.9995,243,9987300.0,10741450.0,754150.0,0.07551094890510957
2026-04-27,440110,72170.0,81300.0,4071128963100.0,1278848931100.0,138,9959460.0,11107206.0,1147746.0,0.115241790217542
2026-04-21,443060,204030.0,225000.0,10311207050000.0,1239788080155.0,49,9997470.0,10914750.0,917280.0,0.09175121305690337
2026-03-18,445680,140140.0,135900.0,2389928686800.0,1184976273328.001,71,9949940.0,9552411.0,-397529.0,-0.039952904238618525
2026-03-03,449450,78700.0,85660.0,1908020699000.0,1167288782820.0002,127,9994900.0,10770032.0,775132.0,0.07755273189326561
2026-01-20,450080,59800.0,60100.0,4339363371000.0,1022868444160.0,167,9986600.0,9936333.0,-50267.0,-0.005033444816053501
2026-01-28,450080,67660.0,77500.0,5263683048400.0,1085922226039.9995,147,9946020.0,11278575.0,1332555.0,0.13397871711498666
2026-04-20,450080,77740.0,78700.0,5440079933400.0,1219366812740.0,128,9950720.0,9972864.0,22144.0,0.0022253666066374134
2026-04-21,450080,83810.0,83500.0,5870488332800.0,1239788080155.0,119,9973390.0,9837135.0,-136255.0,-0.013661854194010226
2026-01-07,454910,84560.0,85500.0,5626374264000.0,994024644499.9999,118,9978080.0,9988110.0,10030.0,0.001005203405865629
2026-01-15,454910,90920.0,92000.0,5918064174000.0,1005271732400.0,109,9910280.0,9927720.0,17440.0,0.001759788825340891
2026-01-19,454910,99820.0,123100.0,6981111846000.0,1015144401300.0,100,9982000.0,12186900.0,2204900.0,0.22088759767581645
2026-04-09,454910,91350.0,91100.0,5931028170000.0,1159625607888.0,109,9957150.0,9830601.0,-126549.0,-0.012709359605911352
2026-04-27,454910,99430.0,104000.0,6566263974000.0,1278848931100.0,100,9943000.0,10296000.0,353000.0,0.035502363471789256
2026-05-15,454910,116620.0,132100.0,8258065452000.0,1229643845220.001,85,9912700.0,11116215.0,1203515.0,0.12141142171154184
2026-03-04,455890,54608.5,54615.0,2205776980700.0,1048497985220.0002,183,9993356.0,9894600.0,-98756.0,-0.009882161202010575
2026-04-24,456040,151640.0,146400.0,1302588022500.0,1269799116100.0,65,9856600.0,9420840.0,-435760.0,-0.04420997098390922
2026-01-16,456160,78400.0,83400.0,1359622368000.0,1002249058200.0,127,9956800.0,10485882.0,529082.0,0.053137755102040884
2026-04-20,456160,74420.0,78000.0,1269029035300.0,1219366812740.0,134,9972280.0,10347480.0,375200.0,0.037624294544477355
2026-01-22,457190,100450.0,99700.0,3090307044000.0,1023078807288.0,99,9944550.0,9771597.0,-172953.0,-0.017391737182677947
2026-04-17,457190,107600.0,112000.0,3369404228000.0,1224791156740.0,92,9899200.0,10200960.0,301760.0,0.030483271375464582
2026-04-09,459580,1074278.5,1074360.0,8138692948512.0,1159625607888.0,9,9668506.0,9572548.0,-95959.0,-0.009924893777544685
2026-01-16,466100,73910.0,70000.0,1674473313000.0,1002249058200.0,135,9977850.0,9355500.0,-622350.0,-0.062373156541739916
2026-04-17,466100,52085.0,49500.0,1244608522200.0,1224791156740.0,191,9948235.0,9359955.0,-588280.0,-0.05913410770855332
2026-04-22,466920,39204.0,40490.0,2269345674000.0,1241957792300.0,255,9997020.0,10221700.0,224680.0,0.022474747474747536
2026-03-12,475150,29870.0,39150.0,1260713468700.0,1179405191900.0,334,9976580.0,12945339.0,2968759.0,0.2975728155339805
2026-04-03,475150,58270.0,66000.0,2323369672800.0,1118278683000.0,171,9964170.0,11173140.0,1208970.0,0.12133173159430233
2026-04-29,475150,60560.0,61400.0,2009953236000.0,1291041863285.0,165,9992400.0,10029690.0,37290.0,0.003731836195508542
2026-03-20,475630,1061813.5,1061870.0,1678245076035.0,1181929530831.9998,9,9556322.0,9461262.0,-95060.0,-0.009947321257452568
2026-03-13,476060,23310.0,25800.0,1176061408000.0,1174462490800.0,429,9999990.0,10957518.0,957528.0,0.0957528957528957
2026-01-09,476830,170880.0,185000.0,2698281763800.0,990583314199.9999,58,9911040.0,10622700.0,711660.0,0.07180477528089879
2026-05-13,477080,106542.0,106565.0,1571674120030.0,1262952355336.0,93,9908406.0,9811440.0,-96966.0,-0.009786281466463875
2026-02-11,481050,1022458.5,1022920.0,3024988474352.0,1156576068557.0007,9,9202126.0,9114217.0,-87909.0,-0.009553150567969348
2026-03-13,481050,1022433.5,1022510.0,2834543931996.0,1174462490800.0,9,9201902.0,9110564.0,-91337.0,-0.009925926722862743
2026-05-21,481050,1023483.5,1023555.0,2915825220826.0,1222837039728.0002,9,9211352.0,9119875.0,-91476.0,-0.009930839139077441
2026-04-07,483650,164820.0,167100.0,2005294997000.0,1100993055480.0007,60,9889200.0,9925740.0,36540.0,0.0036949399344738953
2026-04-09,483650,170240.0,179200.0,2193678705000.0,1159625607888.0,58,9873920.0,10289664.0,415744.0,0.042105263157894646
2026-05-12,483650,229700.0,247000.0,3068120380000.0,1264375573560.0005,43,9877100.0,10514790.0,637690.0,0.06456247279059646
2026-01-06,484870,147450.0,164000.0,1540601370000.0,1007084481011.9998,67,9879150.0,10878120.0,998970.0,0.10111902339776191
2026-01-02,486990,50650.0,58600.0,1202675292000.0,974951742800.0,197,9978050.0,11428758.0,1450708.0,0.14538993089832175
2026-04-10,487230,21309.5,21410.0,1519439064500.0,1171398102160.0,469,9994156.0,9940877.0,-53278.0,-0.005330955677045446
2026-04-14,487230,22184.0,23015.0,1593054636000.0,1183660124900.0002,450,9982800.0,10253182.0,270382.0,0.02708483591777866
2026-04-23,487240,43205.0,42885.0,2549321840000.0,1245145764495.0,231,9980355.0,9807371.0,-172984.0,-0.01733248466612658
2026-01-14,489790,52355.0,51700.0,2635493958000.0,991228730800.0,191,9999805.0,9775953.0,-223852.0,-0.0223856365199121
2026-01-30,489790,60420.0,60900.0,3120182502000.0,1130897684159.9995,165,9969300.0,9948015.0,-21285.0,-0.0021350546176762686
2026-02-24,489790,64260.0,82900.0,4059266556000.0,1200064601577.0007,155,9960300.0,12721005.0,2760705.0,0.27717086834733884
2026-02-26,489790,83400.0,81900.0,4342001540000.0,1221152039013.0017,119,9924600.0,9648639.0,-275961.0,-0.027805755395683418
2026-04-20,489790,82090.0,85700.0,4286464311000.0,1219366812740.0,121,9932890.0,10266003.0,333113.0,0.03353636252893155
2026-04-13,490470,35955.0,37150.0,1235846200000.0,1176984685440.0002,278,9995490.0,10224423.0,228933.0,0.022903629536921155
2026-05-26,490470,40435.0,44900.0,1458595281000.0,1302555155500.0022,247,9987445.0,10979397.0,991952.0,0.09931989612959069
2026-01-12,491000,61480.0,60000.0,1480901460000.0,982461512829.9998,162,9959760.0,9622800.0,-336960.0,-0.033832140533506805
2026-01-26,491000,73600.0,79000.0,1994280632800.0,1063813823543.9999,135,9936000.0,10558350.0,622350.0,0.06263586956521738
2026-02-24,491000,93790.0,91600.0,2273253920100.0,1200064601577.0007,106,9941740.0,9612504.0,-329236.0,-0.03311653694423711
2026-05-27,495050,39446.0,38535.0,1285385815000.0,1269725639700.0012,253,9979838.0,9651861.0,-327977.0,-0.032863915225878504
2026-02-05,499790,59320.0,61200.0,1205715132800.0,1135946608799.9995,168,9965760.0,10178784.0,213024.0,0.021375590020229263
2026-01-02,610063,54720.0,54725.0,1305080586000.0,974951742800.0,182,9959040.0,9860350.0,-98690.0,-0.009909539473684226
2026-01-05,610063,54725.0,54730.0,1305178132500.0,990242237820.0,182,9959950.0,9861251.0,-98699.0,-0.009909547738693458
2026-01-07,610063,54735.0,54750.0,1305371556000.0,994024644499.9999,182,9961770.0,9864855.0,-96915.0,-0.009728692792545957
2026-02-13,610063,54905.0,54910.0,1309428202500.0,1159891746640.0017,182,9992710.0,9893684.0,-99026.0,-0.009909844276477453
2026-02-25,610063,54933.5,54930.0,1310122476000.0,1218628010747.001,182,9997897.0,9897287.0,-100610.0,-0.01006307626493852
2026-02-26,610063,54933.5,54945.0,1310222169000.0,1221152039013.0017,182,9997897.0,9899990.0,-97907.0,-0.009792749415202029
2026-03-10,610063,54985.0,54985.0,1311422301000.0,1163441838500.0,181,9952285.0,9852762.0,-99523.0,-0.010000000000000009
2026-03-18,610063,55020.0,55020.0,1312227000000.0,1184976273328.001,181,9958620.0,9859034.0,-99586.0,-0.009999999999999898
2026-03-23,610063,55035.0,55040.0,1312727373000.0,1129886164335.9998,181,9961335.0,9862618.0,-98717.0,-0.009910057236304226
2026-04-01,610063,55080.0,55080.0,1313630334000.0,1152104765550.0,181,9969480.0,9869785.0,-99695.0,-0.01000000000000012
2026-04-16,610063,55140.0,55155.0,1315136223000.0,1214752789320.0,181,9980340.0,9883224.0,-97116.0,-0.009730685527747585
2026-04-21,610063,55165.0,55170.0,1315638504000.0,1239788080155.0,181,9984865.0,9885912.0,-98953.0,-0.00991026919242266
2026-05-12,610063,55250.0,55260.0,1317748752000.0,1264375573560.0005,180,9945000.0,9847332.0,-97668.0,-0.009820814479638007
2026-05-15,610063,55275.0,55280.0,1318250794500.0,1229643845220.001,180,9949500.0,9850896.0,-98604.0,-0.009910447761193986
2026-01-02,700026,105660.0,105670.0,1267869840000.0,974951742800.0,94,9932040.0,9833650.0,-98390.0,-0.00990630323679731
2026-01-09,700026,105720.0,105725.0,1268524080000.0,990583314199.9999,94,9937680.0,9838768.0,-98912.0,-0.00995317820658348
2026-01-22,700026,105820.0,105827.0,1269538320000.0,1023078807288.0,94,9947080.0,9848261.0,-98819.0,-0.009934511434511517
2026-01-27,700026,105840.0,105845.0,1270001640000.0,1075665782639.9995,94,9948960.0,9849936.0,-99024.0,-0.009953231292517128
2026-02-05,700026,105925.0,105935.0,1270848000000.0,1135946608799.9995,94,9956950.0,9858311.0,-98639.0,-0.009906537644559843
2026-02-06,700026,105935.0,105940.0,1271135880000.0,1122572302919.9998,94,9957890.0,9858776.0,-99114.0,-0.009953273233586635
2026-02-23,700026,106055.0,106060.0,1272574560000.0,1202215286680.002,94,9969170.0,9869944.0,-99226.0,-0.009953326104379823
2026-02-24,700026,106060.0,106070.0,1272671520000.0,1200064601577.0007,94,9969640.0,9870874.0,-98766.0,-0.009906656609466435
2026-02-25,700026,106070.0,106100.0,1272767520000.0,1218628010747.001,94,9970580.0,9873666.0,-96914.0,-0.009719996228905403
2026-02-26,700026,106100.0,106110.0,1272864480000.0,1221152039013.0017,94,9973400.0,9874597.0,-98803.0,-0.00990669180018855
2026-03-09,700026,106165.0,106175.0,1273932360000.0,1125528629200.0,94,9979510.0,9880646.0,-98864.0,-0.009906748928554587
2026-03-10,700026,106175.0,106185.0,1274030400000.0,1163441838500.0,94,9980450.0,9881576.0,-98874.0,-0.009906757711325653
2026-03-11,700026,106185.0,106210.0,1274127360000.0,1159905887000.0,94,9981390.0,9883903.0,-97487.0,-0.009766916231106149
2026-03-12,700026,106210.0,106215.0,1274225400000.0,1179405191900.0,94,9983740.0,9884368.0,-99372.0,-0.0099533942190001
2026-03-13,700026,106215.0,106225.0,1274518440000.0,1174462490800.0,94,9984210.0,9885298.0,-98912.0,-0.009906792825872035
2026-03-16,700026,106225.0,106230.0,1274616480000.0,1166562377640.0002,94,9985150.0,9885764.0,-99386.0,-0.00995340080018825
2026-03-17,700026,106230.0,106240.0,1274714520000.0,1171895543590.0002,94,9985620.0,9886694.0,-98926.0,-0.009906805987009326
2026-03-25,700026,106300.0,106325.0,1275492480000.0,1182918764100.0,94,9992200.0,9894604.0,-97596.0,-0.009767168391345282
2026-03-31,700026,106345.0,106355.0,1276077600000.0,1088687277840.0,94,9996430.0,9897396.0,-99034.0,-0.009906906765715262
2026-04-07,700026,106400.0,106410.0,1276760640000.0,1100993055480.0007,93,9895200.0,9797169.0,-98031.0,-0.009906954887218156
2026-04-17,700026,106500.0,106510.0,1277931720000.0,1224791156740.0,93,9904500.0,9806376.0,-98124.0,-0.009907042253521237
2026-04-22,700026,106525.0,106550.0,1278224760000.0,1241957792300.0,93,9906825.0,9810058.0,-96766.0,-0.009767660173668147
2026-05-13,700026,106695.0,106720.0,1280274000000.0,1262952355336.0,93,9922635.0,9825710.0,-96925.0,-0.009768030366933744
2026-05-15,700026,106730.0,106735.0,1280664000000.0,1229643845220.001,93,9925890.0,9827091.0,-98799.0,-0.009953621287360659
2026-05-18,700026,106735.0,106745.0,1280762040000.0,1218106184040.0002,93,9926355.0,9828012.0,-98343.0,-0.009907246919941826
2026-05-19,700026,106745.0,106750.0,1280859000000.0,1203847035300.0005,93,9927285.0,9828472.0,-98812.0,-0.009953627804580978
2026-05-20,700026,106750.0,106785.0,1280957040000.0,1173606493803.0007,93,9927750.0,9831695.0,-96055.0,-0.00967540983606563
2026-05-21,700026,106785.0,106795.0,1281054000000.0,1222837039728.0002,93,9931005.0,9832616.0,-98389.0,-0.009907290349768227
2026-05-22,700026,106795.0,106800.0,1281445080000.0,1269452699850.0024,93,9931935.0,9833076.0,-98859.0,-0.009953649515426766
2026-05-27,700026,106815.0,106835.0,1281642120000.0,1269725639700.0012,93,9933795.0,9836298.0,-97497.0,-0.009814632776295573
2026-01-26,950160,88170.0,93900.0,7814476783500.0,1063813823543.9999,113,9963210.0,10504593.0,541383.0,0.05433821027560404
2026-02-26,950160,97210.0,105000.0,8738232825000.0,1221152039013.0017,102,9915420.0,10602900.0,687480.0,0.06933443061413436
2026-03-26,950160,113790.0,122100.0,9974108933000.0,1150675240000.0,87,9899730.0,10516473.0,616743.0,0.06229897179013966
2026-05-08,950160,126100.0,127900.0,10829267190000.0,1288975774665.0005,79,9961900.0,10003059.0,41159.0,0.004131641554321996
