,avg_ror,daily_count,cum_ror,peak,drawdown
2024-01-01,1.0,0.0,1.0,1.0,0.0
2024-01-02,1.0,0.0,1.0,1.0,0.0
2024-01-03,1.0,0.0,1.0,1.0,0.0
2024-01-04,1.0,0.0,1.0,1.0,0.0
2024-01-05,1.0,0.0,1.0,1.0,0.0
2024-01-08,1.0,0.0,1.0,1.0,0.0
2024-01-09,1.0509528463229905,1.0,1.0509528463229905,1.0509528463229905,0.0
2024-01-10,1.0560918848914225,3.0,1.1099027724052524,1.1099027724052524,0.0
2024-01-11,1.0654702287445468,5.0,1.1825683607988309,1.1825683607988309,0.0
2024-01-12,0.9946826436126125,2.0,1.1762802233720149,1.1825683607988309,-0.5317356387387506
2024-01-15,0.9380311092458465,2.0,1.1033874427136032,1.1825683607988309,-6.695673646447009
2024-01-16,1.0309565611973481,3.0,1.1375445236083523,1.1825683607988309,-3.807292557705899
2024-01-17,0.9560314591242154,2.0,1.0875283507240536,1.1825683607988309,-8.036745546834789
2024-01-18,1.1037424757916776,1.0,1.2003512343218068,1.2003512343218068,0.0
2024-01-19,1.0657553775097381,7.0,1.2792807828789174,1.2792807828789174,0.0
2024-01-22,1.0334009684804686,8.0,1.3220099999855253,1.3220099999855253,0.0
2024-01-23,0.9947307940455894,4.0,1.3150440570218112,1.3220099999855253,-0.5269205954410605
2024-01-24,1.0196222223340723,3.0,1.3408481438877935,1.3408481438877935,0.0
2024-01-25,0.9561956754368246,5.0,1.2821131966030013,1.3408481438877935,-4.38043245631754
2024-01-26,1.0281693395425626,5.0,1.3182294785701116,1.3408481438877935,-1.6868923912665479
2024-01-29,1.045996214091279,21.0,1.3788630438878577,1.3788630438878577,0.0
2024-01-30,0.9917354885698506,10.0,1.367467414501036,1.3788630438878577,-0.826451143014939
2024-01-31,1.005454659878716,4.0,1.374926484142366,1.3788630438878577,-0.285493165034878
2024-02-01,1.0412226121287662,37.0,1.4316045453037352,1.4316045453037352,0.0
2024-02-02,1.0742578473555795,6.0,1.5379124171024536,1.5379124171024536,0.0
2024-02-05,1.0227030033900026,2.0,1.5728276479214578,1.5728276479214578,0.0
2024-02-06,1.069332493341919,3.0,1.6818757103489586,1.6818757103489586,0.0
2024-02-07,1.0,0.0,1.6818757103489586,1.6818757103489586,0.0
2024-02-08,1.3131837986122317,1.0,2.208611934109691,2.208611934109691,0.0
2024-02-09,1.0,0.0,2.208611934109691,2.208611934109691,0.0
2024-02-12,1.0,0.0,2.208611934109691,2.208611934109691,0.0
2024-02-13,1.0106489873829243,9.0,2.232131414729801,2.232131414729801,0.0
2024-02-14,1.046854770909522,3.0,2.336717420806913,2.336717420806913,0.0
2024-02-15,1.0076932322545655,4.0,2.35469433063847,2.35469433063847,0.0
2024-02-16,1.0276065878602736,1.0,2.4196994065613286,2.4196994065613286,0.0
2024-02-19,1.050475422588663,5.0,2.541834756645049,2.541834756645049,0.0
2024-02-20,1.0397950621450194,4.0,2.642987228748109,2.642987228748109,0.0
2024-02-21,0.9167541812562777,4.0,2.422969592961771,2.642987228748109,-8.324581874372239
2024-02-22,1.0455529079433563,8.0,2.53334290377951,2.642987228748109,-4.1484999918268155
2024-02-23,0.9875995815886267,10.0,2.501928391793161,2.642987228748109,-5.337098697285903
2024-02-26,1.073887240356083,1.0,2.6867889762312904,2.6867889762312904,0.0
2024-02-27,1.0188512141385795,4.0,2.7374382105674013,2.7374382105674013,0.0
2024-02-28,1.0211771989370724,5.0,2.7954094841305306,2.7954094841305306,0.0
2024-02-29,1.026903716034018,4.0,2.870616387090379,2.870616387090379,0.0
2024-03-01,1.0,0.0,2.870616387090379,2.870616387090379,0.0
2024-03-04,1.0681047790679783,4.0,3.0661190819220874,3.0661190819220874,0.0
2024-03-05,0.9833778286745272,5.0,3.015153525238077,3.0661190819220874,-1.6622171325472945
2024-03-06,1.0465220589649469,6.0,3.15542467532757,3.15542467532757,0.0
2024-03-07,1.018888568151818,8.0,3.215026129355423,3.215026129355423,0.0
2024-03-08,1.050153663497425,3.0,3.3762714679825434,3.3762714679825434,0.0
2024-03-11,1.0052242118659809,6.0,3.3939098254483504,3.3939098254483504,0.0
2024-03-12,1.0164826182618663,5.0,3.449850345516413,3.449850345516413,0.0
2024-03-13,1.018231089448549,4.0,3.51274487574963,3.51274487574963,0.0
2024-03-14,1.027763924283835,15.0,3.610272458508372,3.610272458508372,0.0
2024-03-15,1.0170125226950009,7.0,3.671692300643882,3.671692300643882,0.0
2024-03-18,1.0210338356201936,3.0,3.7489220729435555,3.7489220729435555,0.0
2024-03-19,1.0126776632213699,2.0,3.7964496444274936,3.7964496444274936,0.0
2024-03-20,1.058504899247751,2.0,4.018560548373884,4.018560548373884,0.0
2024-03-21,1.0503701730474486,6.0,4.220976138597127,4.220976138597127,0.0
2024-03-22,0.9951638518819277,5.0,4.200562872788022,4.220976138597127,-0.48361481180724253
2024-03-25,1.0503864006845185,5.0,4.412214116796831,4.412214116796831,0.0
2024-03-26,1.0281530007031994,6.0,4.536431183929679,4.536431183929679,0.0
2024-03-27,1.0236850401974995,5.0,4.643876738874243,4.643876738874243,0.0
2024-03-28,1.0558902385799338,4.0,4.90342411774573,4.90342411774573,0.0
2024-03-29,1.016961359576302,8.0,4.986592857361927,4.986592857361927,0.0
2024-04-01,1.0485870083889604,3.0,5.228876486354901,5.228876486354901,0.0
2024-04-02,1.0450488257606327,1.0,5.464431232112572,5.464431232112572,0.0
2024-04-03,1.014896684286401,1.0,5.545833138982101,5.545833138982101,0.0
2024-04-04,1.0933138214820617,2.0,6.063336022482379,6.063336022482379,0.0
2024-04-05,0.9868363504609458,6.0,5.983520392044898,6.063336022482379,-1.3163649539054245
2024-04-08,1.0,0.0,5.983520392044898,6.063336022482379,-1.3163649539054245
2024-04-09,1.0454819892228713,2.0,6.255662802030715,6.255662802030715,0.0
2024-04-10,1.0,0.0,6.255662802030715,6.255662802030715,0.0
2024-04-11,1.0222843147444518,4.0,6.395065960846327,6.395065960846327,0.0
2024-04-12,1.0177210414995463,4.0,6.50839319013082,6.50839319013082,0.0
2024-04-15,1.0520145083815313,1.0,6.846924062269181,6.846924062269181,0.0
2024-04-16,0.9866131191432396,1.0,6.755265105612298,6.846924062269181,-1.338688085676032
2024-04-17,1.0226757369614512,1.0,6.908445720252033,6.908445720252033,0.0
2024-04-18,1.0942859150411743,4.0,7.559814846498281,7.559814846498281,0.0
2024-04-19,0.9958948994717831,1.0,7.528781046578699,7.559814846498281,-0.41051005282168873
2024-04-22,1.0748165212323904,2.0,8.092058253604073,8.092058253604073,0.0
2024-04-23,1.0211481995177056,4.0,8.263190716060189,8.263190716060189,0.0
2024-04-24,1.0303753060990741,5.0,8.514187663415544,8.514187663415544,0.0
2024-04-25,1.0031729490528831,3.0,8.541202747098248,8.541202747098248,0.0
2024-04-26,0.9739849199631866,3.0,8.319002674021837,8.541202747098248,-2.601508003681341
2024-04-29,1.0293810739729667,4.0,8.56342390696858,8.56342390696858,0.0
2024-04-30,0.9915711853226288,10.0,8.491244393852972,8.56342390696858,-0.8428814677371332
2024-05-01,1.0,0.0,8.491244393852972,8.56342390696858,-0.8428814677371332
2024-05-02,1.0195551424182743,7.0,8.65729188728314,8.65729188728314,0.0
2024-05-03,1.0169974421676684,6.0,8.80444370546586,8.80444370546586,0.0
2024-05-06,1.0,0.0,8.80444370546586,8.80444370546586,0.0
2024-05-07,0.9875071192360585,4.0,8.694450840060641,8.80444370546586,-1.2492880763941394
2024-05-08,1.0402599111321122,6.0,9.044488658224001,9.044488658224001,0.0
2024-05-09,1.0620145809103974,6.0,9.605378831912605,9.605378831912605,0.0
2024-05-10,1.0083950701790572,11.0,9.686016661302942,9.686016661302942,0.0
2024-05-13,1.0437272913485791,7.0,10.109559933858927,10.109559933858927,0.0
2024-05-14,1.047554424922735,2.0,10.590314242735513,10.590314242735513,0.0
2024-05-15,1.0,0.0,10.590314242735513,10.590314242735513,0.0
2024-05-16,1.0016008172574813,8.0,10.607267400537435,10.607267400537435,0.0
2024-05-17,1.0180358322577396,7.0,10.798578296086518,10.798578296086518,0.0
2024-05-20,1.0288164383561644,3.0,11.109754861889911,11.109754861889911,0.0
2024-05-21,0.996090255164685,5.0,11.066318555197022,11.109754861889911,-0.3909744835315032
2024-05-22,1.0369970133842548,3.0,11.475739290898073,11.475739290898073,0.0
2024-05-23,0.9809388551486574,4.0,11.25699856199802,11.475739290898073,-1.9061144851342582
2024-05-24,1.0,0.0,11.25699856199802,11.475739290898073,-1.9061144851342582
2024-05-27,0.997900005624108,6.0,11.2333589283284,11.475739290898073,-2.112111093024882
2024-05-28,1.0406407293112936,8.0,11.689890827791197,11.689890827791197,0.0
2024-05-29,0.991709816174503,2.0,11.592979483928818,11.689890827791197,-0.8290183825496844
2024-05-30,1.048211957057747,2.0,12.151899712979338,12.151899712979338,0.0
2024-05-31,1.0345664555955314,2.0,12.57194781480939,12.57194781480939,0.0
2024-06-03,1.0532798123803047,5.0,13.241778835637415,13.241778835637415,0.0
2024-06-04,0.9554872953368845,3.0,12.652351445112393,13.241778835637415,-4.451270466311552
2024-06-05,1.0495808732947518,6.0,13.27966607899318,13.27966607899318,0.0
2024-06-06,1.0,0.0,13.27966607899318,13.27966607899318,0.0
2024-06-07,1.0482744713436782,4.0,13.920734938577153,13.920734938577153,0.0
2024-06-10,1.042321168879013,4.0,14.509876712832654,14.509876712832654,0.0
2024-06-11,1.0275406416786006,8.0,14.909488028181448,14.909488028181448,0.0
2024-06-12,1.0068941732255519,5.0,15.012276621352022,15.012276621352022,0.0
2024-06-13,0.9974499495319127,12.0,14.973994558326687,15.012276621352022,-0.2550050468087317
2024-06-14,1.0209050971884357,6.0,15.287027369867614,15.287027369867614,0.0
2024-06-17,1.0563748314982333,2.0,16.148830961952783,16.148830961952783,0.0
2024-06-18,1.0190542961598494,4.0,16.456535569737177,16.456535569737177,0.0
2024-06-19,0.9966603729116651,6.0,16.401576877768335,16.456535569737177,-0.33396270883350176
2024-06-20,1.1225797086719924,4.0,18.412077393206463,18.412077393206463,0.0
2024-06-21,1.0059074363844156,3.0,18.520845569111767,18.520845569111767,0.0
2024-06-24,0.9670901665910416,1.0,17.911327626839253,18.520845569111767,-3.2909833408958478
2024-06-25,0.9861518760383802,3.0,17.663289341545596,18.520845569111767,-4.630221791797484
2024-06-26,0.5028960817717206,2.0,8.882799001063475,18.520845569111767,-52.03891221965693
2024-06-27,1.0428996751400903,7.0,9.263868192543816,18.520845569111767,-49.98139713451486
2024-06-28,0.9685788616492699,2.0,8.972786908402968,18.520845569111767,-51.5530385752615
2024-07-01,1.022901794911748,5.0,9.17827983396603,18.520845569111767,-50.443516200614766
2024-07-02,1.0027894393933607,4.0,9.203882089298183,18.520845569111767,-50.30528139250832
2024-07-03,1.0249306694571625,4.0,9.433341031389174,18.520845569111767,-49.06635878913824
2024-07-04,1.0177512751242008,7.0,9.600794863377775,18.520845569111767,-48.162221710926914
2024-07-05,1.0187485720388387,4.0,9.780796057503926,18.520845569111767,-47.19033739034087
2024-07-08,1.0287496192530858,4.0,10.061990220149246,18.520845569111767,-45.672079697429254
2024-07-09,1.0268088897835295,8.0,10.33174100696418,18.520845569111767,-44.21560846986926
2024-07-10,1.0385747804603902,6.0,10.730285648081434,18.520845569111767,-42.063737813478006
2024-07-11,1.0159690541756328,9.0,10.901638160915661,18.520845569111767,-41.13855050388777
2024-07-12,1.0090987019295596,5.0,11.000828917085746,18.520845569111767,-40.60298771978081
2024-07-15,0.9794223470394903,9.0,10.774457677352016,18.520845569111767,-41.8252388253743
2024-07-16,1.0080767482220945,4.0,10.8614802592416,18.520845569111767,-41.355375926486374
2024-07-17,0.9972066943303229,12.0,10.831140824852376,18.520845569111767,-41.51918828740699
2024-07-18,0.9946011098318022,4.0,10.772664685142715,18.520845569111767,-41.83491976679035
2024-07-19,1.0177826505139407,2.0,10.964231216342478,18.520845569111767,-40.80059047288786
2024-07-22,1.1923257099365618,2.0,13.072934768934157,18.520845569111767,-29.41502200776076
2024-07-23,1.0028810196017057,2.0,13.110598150255276,18.520845569111767,-29.21166530257916
2024-07-24,1.0124283221518715,3.0,13.273540887670379,18.520845569111767,-28.331885074365104
2024-07-25,0.9774753367637901,1.0,12.97455884922354,18.520845569111767,-29.946185227839027
2024-07-26,1.0380505821448864,4.0,13.468248366509583,18.520845569111767,-27.280596794288257
2024-07-29,0.9958500441204216,5.0,13.412355730013363,18.520845569111767,-27.582379109181243
2024-07-30,1.0266138161280762,3.0,13.769309699256288,18.520845569111767,-25.655069862360257
2024-07-31,0.9646350530176747,5.0,13.282358791758872,18.520845569111767,-28.284274375082575
2024-08-01,1.0160663822727192,4.0,13.495758245590682,18.520845569111767,-27.132062112227207
2024-08-02,1.0289803480728945,5.0,13.886870017055536,18.520845569111767,-25.0203239088855
2024-08-05,0.9129008423230383,1.0,12.677335335800542,18.520845569111767,-31.550990539313005
2024-08-06,1.0,0.0,12.677335335800542,18.520845569111767,-31.550990539313005
2024-08-07,1.0900907323395983,1.0,13.81944576031748,18.520845569111767,-25.38436914907962
2024-08-08,1.0283309700776322,3.0,14.210964064642496,18.520845569111767,-23.27043594411854
2024-08-09,1.0175979957562473,3.0,14.461048549944259,18.520845569111767,-21.920149401484423
2024-08-12,1.0526895142986836,1.0,15.222994174290505,18.520845569111767,-17.806159996934856
2024-08-13,1.0060599346769643,5.0,15.315244524574513,18.520845569111767,-17.308070695667432
2024-08-14,1.0600094188874853,3.0,16.23430344861397,18.520845569111767,-12.345776071429416
2024-08-15,1.0,0.0,16.23430344861397,18.520845569111767,-12.345776071429416
2024-08-16,0.991835964538221,4.0,16.101766019562206,18.520845569111767,-13.061388263956985
2024-08-19,1.0096283214924169,3.0,16.256798999394224,18.520845569111767,-12.224315360057957
2024-08-20,1.0559003080943026,2.0,17.16555907208751,18.520845569111767,-7.317627545496852
2024-08-21,1.0042478522592808,6.0,17.238475830973698,18.520845569111767,-6.923926520270474
2024-08-22,0.9957804692652844,3.0,17.165737552385252,18.520845569111767,-7.316663872984841
2024-08-23,1.0566623192930393,3.0,18.13838805447902,18.520845569111767,-2.065011088211832
2024-08-26,1.0116855768384816,6.0,18.35034558181583,18.520845569111767,-0.9205842501072925
2024-08-27,0.9990191844117875,2.0,18.332347276820098,18.520845569111767,-1.017762885545781
2024-08-28,1.01775643520025,8.0,18.657864413309433,18.657864413309433,0.0
2024-08-29,0.9838134250750944,6.0,18.35585749304467,18.657864413309433,-1.6186574924905606
2024-08-30,0.9913928011768195,6.0,18.19786497803207,18.657864413309433,-2.4654452679440997
2024-09-02,1.0857260360600902,3.0,19.7578958073555,19.7578958073555,0.0
2024-09-03,0.9801085368112173,2.0,19.364882350215684,19.7578958073555,-1.9891463188782654
2024-09-04,0.9517112617961213,3.0,18.429776616057207,19.7578958073555,-6.721966773424615
2024-09-05,1.0028600729261623,1.0,18.482487121192012,19.7578958073555,-6.455184795987623
2024-09-06,0.9717910888167601,1.0,17.961116283544932,19.7578958073555,-9.093982179730187
2024-09-09,1.075164503471174,1.0,19.311154670785605,19.7578958073555,-2.261076487727909
2024-09-10,0.9776932357351409,2.0,18.88038529586216,19.7578958073555,-4.4413156140172605
2024-09-11,1.0441751151829528,3.0,19.714428491005396,19.7578958073555,-0.21999972453504713
2024-09-12,0.992313624295533,5.0,19.56289598682468,19.7578958073555,-0.9869462944440799
2024-09-13,0.9981053439854104,5.0,19.525831028280454,19.7578958073555,-1.1745419721701955
2024-09-16,1.0,0.0,19.525831028280454,19.7578958073555,-1.1745419721701955
2024-09-17,1.0,0.0,19.525831028280454,19.7578958073555,-1.1745419721701955
2024-09-18,1.0,0.0,19.525831028280454,19.7578958073555,-1.1745419721701955
2024-09-19,1.0237548540518941,5.0,19.9896642945992,19.9896642945992,0.0
2024-09-20,1.0344723800574156,11.0,20.678755599382775,20.678755599382775,0.0
2024-09-23,1.0051455271124357,2.0,20.78515869697083,20.78515869697083,0.0
2024-09-24,1.034069457286552,4.0,21.493297773391483,21.493297773391483,0.0
2024-09-25,1.0229494888237904,10.0,21.98655797042833,21.98655797042833,0.0
2024-09-26,0.9865662829714079,3.0,21.69119677222086,21.98655797042833,-1.3433717028592085
2024-09-27,1.0271036473937079,4.0,22.279107321082666,22.279107321082666,0.0
2024-09-30,1.0,0.0,22.279107321082666,22.279107321082666,0.0
2024-10-01,1.0,0.0,22.279107321082666,22.279107321082666,0.0
2024-10-02,1.0420987376014428,1.0,23.217029614187307,23.217029614187307,0.0
2024-10-03,1.0,0.0,23.217029614187307,23.217029614187307,0.0
2024-10-04,1.0,0.0,23.217029614187307,23.217029614187307,0.0
2024-10-07,1.0262582994217178,1.0,23.826669329479525,23.826669329479525,0.0
2024-10-08,1.0133001455575474,4.0,24.143567499713154,24.143567499713154,0.0
2024-10-09,1.0,0.0,24.143567499713154,24.143567499713154,0.0
2024-10-10,1.0292258481016776,8.0,24.84918373609237,24.84918373609237,0.0
2024-10-11,1.0376260694411383,11.0,25.78416084890219,25.78416084890219,0.0
2024-10-14,1.0547631269921365,3.0,27.196182123856293,27.196182123856293,0.0
2024-10-15,0.9959621794098361,8.0,27.086368819702738,27.196182123856293,-0.40378205901638875
2024-10-16,1.038801573487779,7.0,28.137362549977517,28.137362549977517,0.0
2024-10-17,1.0037384254269501,4.0,28.242551981581666,28.242551981581666,0.0
2024-10-18,1.033373097040168,2.0,29.18509340952498,29.18509340952498,0.0
2024-10-21,1.0103915114432904,6.0,29.48837064166356,29.48837064166356,0.0
2024-10-22,0.9837542972554854,2.0,29.009311337799023,29.48837064166356,-1.6245702744514645
2024-10-23,0.985984178945052,4.0,28.602722021161156,29.48837064166356,-3.0033826936883723
2024-10-24,0.9928366762177651,1.0,28.397831462270318,29.48837064166356,-3.6982008692350132
2024-10-25,0.9790090666374065,5.0,27.80173447440364,29.48837064166356,-5.71966551748676
2024-10-28,1.0,0.0,27.80173447440364,29.48837064166356,-5.71966551748676
2024-10-29,1.0060535827397294,4.0,27.970034574352432,29.48837064166356,-5.1489317119674975
2024-10-30,1.005607511396916,3.0,28.12687686200025,29.48837064166356,-4.6170532655327
2024-10-31,0.9970170760693391,2.0,28.042976527913837,29.48837064166356,-4.9015733399238925
2024-11-01,1.3053993250843643,1.0,36.60728263289539,36.60728263289539,0.0
2024-11-04,1.0075704949804933,2.0,36.88441788231722,36.88441788231722,0.0
2024-11-05,1.012813088190042,4.0,37.35702118148171,37.35702118148171,0.0
2024-11-06,1.0325360251798066,7.0,38.57247016328497,38.57247016328497,0.0
2024-11-07,1.047146592606669,12.0,40.39103069990626,40.39103069990626,0.0
2024-11-08,1.0262635955316524,3.0,41.45184439331515,41.45184439331515,0.0
2024-11-11,1.0657630294897005,7.0,44.17784325855521,44.17784325855521,0.0
2024-11-12,1.0603987001002477,2.0,46.84612756460443,46.84612756460443,0.0
2024-11-13,1.0691757005522602,1.0,50.08674125704649,50.08674125704649,0.0
2024-11-14,0.9702329450915141,1.0,48.59580647986086,50.08674125704649,-2.9767054908485857
2024-11-15,1.0,0.0,48.59580647986086,50.08674125704649,-2.9767054908485857
2024-11-18,1.0424563800439572,4.0,50.65900850831243,50.65900850831243,0.0
2024-11-19,1.0681661763057302,2.0,54.11223941376354,54.11223941376354,0.0
2024-11-20,1.0208161046832798,4.0,55.23864545404714,55.23864545404714,0.0
2024-11-21,1.0107441289561583,2.0,55.83213658416893,55.83213658416893,0.0
2024-11-22,0.9941423896036262,5.0,55.50509368046174,55.83213658416893,-0.585761039637378
2024-11-25,0.9629311461764318,2.0,53.447583476357245,55.83213658416893,-4.270932931640337
2024-11-26,1.0,0.0,53.447583476357245,55.83213658416893,-4.270932931640337
2024-11-27,1.0035721241749613,6.0,53.6385048813864,55.83213658416893,-3.928976816918961
2024-11-28,1.015600721991929,2.0,54.475304284103636,55.83213658416893,-2.430199492759555
2024-11-29,1.032421799361971,3.0,56.24149166978517,56.24149166978517,0.0
2024-12-02,1.0377940840610906,3.0,58.36708733367416,58.36708733367416,0.0
2024-12-03,0.9960865302762422,6.0,58.138669504529894,58.36708733367416,-0.3913469723757834
2024-12-04,1.0339824455156177,5.0,60.11436367331808,60.11436367331808,0.0
2024-12-05,1.0129841848907006,5.0,60.89489968583926,60.89489968583926,0.0
2024-12-06,0.9706933911159263,1.0,59.110276677711475,60.89489968583926,-2.930660888407366
2024-12-09,0.9757456290709633,1.0,57.676594101452274,60.89489968583926,-5.285016645056384
2024-12-10,1.0,0.0,57.676594101452274,60.89489968583926,-5.285016645056384
2024-12-11,1.0562471154686688,3.0,60.9207361497162,60.9207361497162,0.0
2024-12-12,0.9769225862312707,3.0,59.514843114493615,60.9207361497162,-2.3077413768729294
2024-12-13,1.060746131128787,5.0,63.13013957843582,63.13013957843582,0.0
2024-12-16,1.0365512700072832,4.0,65.4376263557647,65.4376263557647,0.0
2024-12-17,1.0237277757881187,7.0,66.99031568204097,66.99031568204097,0.0
2024-12-18,0.983990891692206,4.0,65.91786046271386,66.99031568204097,-1.6009108307794118
2024-12-19,1.0,0.0,65.91786046271386,66.99031568204097,-1.6009108307794118
2024-12-20,1.0543132473658023,2.0,69.49807352384968,69.49807352384968,0.0
2024-12-23,1.0,0.0,69.49807352384968,69.49807352384968,0.0
2024-12-24,0.9798708682002809,3.0,68.09913764206155,69.49807352384968,-2.012913179971898
2024-12-25,1.0,0.0,68.09913764206155,69.49807352384968,-2.012913179971898
2024-12-26,1.0685393258426965,1.0,72.76660662651744,72.76660662651744,0.0
2024-12-27,0.9893560565698429,4.0,71.9920829819803,72.76660662651744,-1.0643943430157066
2024-12-30,1.3982863645491665,1.0,100.66554798919516,100.66554798919516,0.0
2024-12-31,1.0,0.0,100.66554798919516,100.66554798919516,0.0
2025-01-01,1.0,0.0,100.66554798919516,100.66554798919516,0.0
2025-01-02,1.0439600520849461,5.0,105.09081072195983,105.09081072195983,0.0
2025-01-03,1.0327361778850102,5.0,108.53108219583383,108.53108219583383,0.0
2025-01-06,1.0280710463612168,8.0,111.57766323578612,111.57766323578612,0.0
2025-01-07,1.0482145905509894,6.0,116.95733458333574,116.95733458333574,0.0
2025-01-08,1.0611676774757421,6.0,124.11134310355168,124.11134310355168,0.0
2025-01-09,1.029711500554835,6.0,127.79887734303416,127.79887734303416,0.0
2025-01-10,0.9898189237497057,6.0,126.49774722810272,127.79887734303416,-1.0181076250294296
2025-01-13,1.0,0.0,126.49774722810272,127.79887734303416,-1.0181076250294296
2025-01-14,1.0,0.0,126.49774722810272,127.79887734303416,-1.0181076250294296
2025-01-15,1.025793719082282,4.0,129.7605945846459,129.7605945846459,0.0
2025-01-16,1.0242439750952301,3.0,132.9065072080983,132.9065072080983,0.0
2025-01-17,1.0264881932067949,6.0,136.4269604494667,136.4269604494667,0.0
2025-01-20,1.1386121872159178,5.0,155.33739983258678,155.33739983258678,0.0
2025-01-21,1.0009174712367477,5.0,155.47991742892435,155.47991742892435,0.0
2025-01-22,1.0209913134253583,13.0,158.74364510702372,158.74364510702372,0.0
2025-01-23,1.0084864405713208,2.0,160.09081361729932,160.09081361729932,0.0
2025-01-24,1.013282627537642,4.0,162.21724026677597,162.21724026677597,0.0
2025-01-27,1.0,0.0,162.21724026677597,162.21724026677597,0.0
2025-01-28,1.0,0.0,162.21724026677597,162.21724026677597,0.0
2025-01-29,1.0,0.0,162.21724026677597,162.21724026677597,0.0
2025-01-30,1.0,0.0,162.21724026677597,162.21724026677597,0.0
2025-01-31,1.036957057853383,3.0,168.21231220013135,168.21231220013135,0.0
2025-02-03,1.021581777369362,3.0,171.84263287282022,171.84263287282022,0.0
2025-02-04,0.9923365135768926,3.0,170.52571918888833,171.84263287282022,-0.7663486423107435
2025-02-05,1.065802846832386,5.0,181.7467969696572,181.7467969696572,0.0
2025-02-06,1.0634168507703545,7.0,193.27260647107187,193.27260647107187,0.0
2025-02-07,1.0424472560932472,8.0,201.47649829375882,201.47649829375882,0.0
2025-02-10,1.0406778667741572,7.0,209.67213244947607,209.67213244947607,0.0
2025-02-11,1.0362114917330232,6.0,217.2646731403156,217.2646731403156,0.0
2025-02-12,1.0205469541573262,7.0,221.72880041933612,221.72880041933612,0.0
2025-02-13,1.0559509959049438,7.0,234.1347476236065,234.1347476236065,0.0
2025-02-14,1.000089647320309,5.0,234.15573717632216,234.15573717632216,0.0
2025-02-17,1.0149911677646941,6.0,237.66600511539804,237.66600511539804,0.0
2025-02-18,1.0265784551563093,7.0,243.98280037453682,243.98280037453682,0.0
2025-02-19,1.0287536826573491,11.0,250.9982043903576,250.9982043903576,0.0
2025-02-20,0.9912880479764431,6.0,248.8115200757099,250.9982043903576,-0.8711952023556901
2025-02-21,0.9975510555790887,5.0,248.20219449176204,250.9982043903576,-1.113956135816474
2025-02-24,1.0035728891163764,5.0,249.0889934111224,250.9982043903576,-0.7606472659326124
2025-02-25,1.026940661717713,1.0,255.7996157202171,255.7996157202171,0.0
2025-02-26,0.9895545710535585,4.0,253.12767900968453,255.7996157202171,-1.0445428946441515
2025-02-27,1.0097848701414043,3.0,255.60450047798935,255.7996157202171,-0.0762765970849455
2025-02-28,1.0,0.0,255.60450047798935,255.7996157202171,-0.0762765970849455
2025-03-03,1.0,0.0,255.60450047798935,255.7996157202171,-0.0762765970849455
2025-03-04,1.0356272761522038,1.0,264.7109926022648,264.7109926022648,0.0
2025-03-05,1.0213758927997134,3.0,270.3694264030365,270.3694264030365,0.0
2025-03-06,1.0228010476967646,4.0,276.5341325901991,276.5341325901991,0.0
2025-03-07,1.0202558332719374,4.0,282.13556187394596,282.13556187394596,0.0
2025-03-10,0.9783886243886987,6.0,276.0382242729826,282.13556187394596,-2.161137561130133
2025-03-11,1.0285376578916303,1.0,283.9157086822981,283.9157086822981,0.0
2025-03-12,1.0493385589846005,4.0,297.9237006217743,297.9237006217743,0.0
2025-03-13,1.0586868298529353,2.0,315.40789814932117,315.40789814932117,0.0
2025-03-14,1.0295910340229926,6.0,324.7411439945783,324.7411439945783,0.0
2025-03-17,1.0569158902917943,4.0,343.2240753194055,343.2240753194055,0.0
2025-03-18,1.0132153336212673,2.0,347.75989598160237,347.75989598160237,0.0
2025-03-19,1.022315261073752,5.0,355.5202488514127,355.5202488514127,0.0
2025-03-20,1.0236415392215723,3.0,363.9252947586965,363.9252947586965,0.0
2025-03-21,1.0182520996325064,3.0,370.5676954974215,370.5676954974215,0.0
2025-03-24,1.0,0.0,370.5676954974215,370.5676954974215,0.0
2025-03-25,0.9932585639400219,1.0,368.0695370723322,370.5676954974215,-0.6741436059978012
2025-03-26,1.0,0.0,368.0695370723322,370.5676954974215,-0.6741436059978012
2025-03-27,1.0,0.0,368.0695370723322,370.5676954974215,-0.6741436059978012
2025-03-28,0.9907137707281902,1.0,364.6515589631096,370.5676954974215,-1.59650628109137
2025-03-31,0.9760115606936416,1.0,355.90413717295405,370.5676954974215,-3.957052517701043
2025-04-01,1.093270427208627,1.0,389.0994680923933,389.0994680923933,0.0
2025-04-02,0.9668989807346606,4.0,376.2198791029337,389.0994680923933,-3.310101926533937
2025-04-03,1.0340311976429706,2.0,389.02309216590015,389.0994680923933,-0.019628895117118628
2025-04-04,0.9791113826815642,1.0,380.8969376656121,389.0994680923933,-2.108080606482221
2025-04-07,1.0,0.0,380.8969376656121,389.0994680923933,-2.108080606482221
2025-04-08,0.9487936172258002,1.0,361.39258327798626,389.0994680923933,-7.120771701447792
2025-04-09,1.0,0.0,361.39258327798626,389.0994680923933,-7.120771701447792
2025-04-10,1.0,0.0,361.39258327798626,389.0994680923933,-7.120771701447792
2025-04-11,1.1277888252811856,6.0,407.5745169604132,407.5745169604132,0.0
2025-04-14,1.040329451860267,1.0,424.01177382163974,424.01177382163974,0.0
2025-04-15,1.0309963306498753,7.0,437.15458296245544,437.15458296245544,0.0
2025-04-16,0.9869688872487342,4.0,431.4579723021391,437.15458296245544,-1.3031112751265783
2025-04-17,1.0154814108674928,1.0,438.1375504434039,438.1375504434039,0.0
2025-04-18,1.039436872641411,3.0,455.41632521966017,455.41632521966017,0.0
2025-04-21,1.012768817204301,1.0,461.2314530282445,461.2314530282445,0.0
2025-04-22,1.0326564335304125,9.0,476.29362731619693,476.29362731619693,0.0
2025-04-23,1.0310127488226446,6.0,491.06480194598043,491.06480194598043,0.0
2025-04-24,1.0434487218538493,3.0,512.4009399379469,512.4009399379469,0.0
2025-04-25,1.0009301886357387,7.0,512.877569469219,512.877569469219,0.0
2025-04-28,1.0076294954999556,9.0,516.7905665775125,516.7905665775125,0.0
2025-04-29,1.020073959523639,7.0,527.164599493188,527.164599493188,0.0
2025-04-30,1.0039091241687887,8.0,529.2253513699967,529.2253513699967,0.0
2025-05-01,1.0,0.0,529.2253513699967,529.2253513699967,0.0
2025-05-02,1.0,0.0,529.2253513699967,529.2253513699967,0.0
2025-05-05,1.0,0.0,529.2253513699967,529.2253513699967,0.0
2025-05-06,1.0,0.0,529.2253513699967,529.2253513699967,0.0
2025-05-07,1.0012492434105962,2.0,529.8864826529161,529.8864826529161,0.0
2025-05-08,1.0926770173917453,8.0,578.9947814213912,578.9947814213912,0.0
2025-05-09,1.0181583520249262,2.0,589.5083724830359,589.5083724830359,0.0
2025-05-12,1.0224267173678123,5.0,602.729110138672,602.729110138672,0.0
2025-05-13,1.0152663197721468,7.0,611.9305654700305,611.9305654700305,0.0
2025-05-14,1.0297953780164195,10.0,630.1632679880114,630.1632679880114,0.0
2025-05-15,0.9975931086201012,5.0,628.6465334503622,630.1632679880114,-0.24068913798988012
2025-05-16,1.0363867006684877,6.0,651.5209066893029,651.5209066893029,0.0
2025-05-19,1.0323357687944157,4.0,672.5883360927363,672.5883360927363,0.0
2025-05-20,1.016105555160746,3.0,683.4207446401523,683.4207446401523,0.0
2025-05-21,1.0670955037233394,5.0,729.2752037567631,729.2752037567631,0.0
2025-05-22,0.9939005377074773,3.0,724.8270171505769,729.2752037567631,-0.6099462292522673
2025-05-23,1.0849644132112826,3.0,786.4115193424599,786.4115193424599,0.0
2025-05-26,1.0136796074383252,3.0,797.1693202120416,797.1693202120416,0.0
2025-05-27,1.0601160702541368,5.0,845.0920070703512,845.0920070703512,0.0
2025-05-28,1.0255440368562836,12.0,866.679068445907,866.679068445907,0.0
2025-05-29,1.0582651652239408,9.0,917.1762675650388,917.1762675650388,0.0
2025-05-30,0.9927634527423257,10.0,910.539078161187,917.1762675650388,-0.7236547257674308
2025-06-02,1.0212117183639142,2.0,929.8531766464802,929.8531766464802,0.0
2025-06-03,1.0,0.0,929.8531766464802,929.8531766464802,0.0
2025-06-04,1.0094073026158137,5.0,938.6005868674692,938.6005868674692,0.0
2025-06-05,0.9710771966217216,1.0,911.4536266427648,938.6005868674692,-2.892280337827835
2025-06-06,1.0,0.0,911.4536266427648,938.6005868674692,-2.892280337827835
2025-06-09,1.076610094235101,7.0,981.2801748707915,981.2801748707915,0.0
2025-06-10,1.0753447786888934,6.0,1055.2145124782298,1055.2145124782298,0.0
2025-06-11,1.034402259124475,11.0,1091.5162755684125,1091.5162755684125,0.0
2025-06-12,1.0391893441374285,13.0,1134.2920825232673,1134.2920825232673,0.0
2025-06-13,1.0560634014413102,6.0,1197.884354897469,1197.884354897469,0.0
2025-06-16,1.1055691038639999,2.0,1324.3439327767003,1324.3439327767003,0.0
2025-06-17,0.9905658866504469,4.0,1311.849922001092,1324.3439327767003,-0.943411334955313
2025-06-18,1.1065178108861478,4.0,1451.585303903812,1451.585303903812,0.0
2025-06-19,1.0046839627460753,5.0,1458.3844753900478,1458.3844753900478,0.0
2025-06-20,1.0151868634222294,12.0,1480.532761234896,1480.532761234896,0.0
2025-06-23,1.0070480861977489,11.0,1490.9676837546708,1490.9676837546708,0.0
2025-06-24,1.0355466825013526,7.0,1543.9666386288752,1543.9666386288752,0.0
2025-06-25,1.0049955304988676,7.0,1551.6795710613799,1551.6795710613799,0.0
2025-06-26,0.9837338878631483,4.0,1526.4397771580336,1551.6795710613799,-1.6266112136851585
2025-06-27,1.1747880973850315,1.0,1793.243281580318,1793.243281580318,0.0
2025-06-30,1.0231410991761392,1.0,1834.7409022063132,1834.7409022063132,0.0
2025-07-01,1.0185003112784103,6.0,1868.6841800123614,1868.6841800123614,0.0
2025-07-02,1.0221590224787411,4.0,1910.0923947629233,1910.0923947629233,0.0
2025-07-03,1.0178189834130036,11.0,1944.128299462508,1944.128299462508,0.0
2025-07-04,0.9890928803889932,3.0,1922.9234595611272,1944.128299462508,-1.0907119611006877
2025-07-07,1.0,0.0,1922.9234595611272,1944.128299462508,-1.0907119611006877
2025-07-08,1.0511465051621456,4.0,2021.2742742119813,2021.2742742119813,0.0
2025-07-09,1.0422636109812013,8.0,2106.7006238235867,2106.7006238235867,0.0
2025-07-10,0.9961691475416159,3.0,2098.6301645597327,2106.7006238235867,-0.3830852458384104
2025-07-11,1.000264742923606,3.0,2099.185762045066,2106.7006238235867,-0.3567123725857879
2025-07-14,1.0202889405114832,5.0,2141.776017093751,2141.776017093751,0.0
2025-07-15,1.0492694725499103,5.0,2247.3001917760075,2247.3001917760075,0.0
2025-07-16,0.9905654036102035,3.0,2226.0978214998886,2247.3001917760075,-0.943459638979649
2025-07-17,1.0700692449229376,5.0,2382.0788149769824,2382.0788149769824,0.0
2025-07-18,0.9718596901067957,4.0,2315.046378933493,2382.0788149769824,-2.8140309893204374
2025-07-21,1.0057997633744002,3.0,2328.4731001320692,2382.0788149769824,-2.250375365746704
2025-07-22,1.0097074812595797,2.0,2351.0767091150365,2382.0788149769824,-1.3014727164787576
2025-07-23,0.9491627527057382,1.0,2231.554441045976,2382.0788149769824,-6.319034155570568
2025-07-24,1.0153364592834082,8.0,2265.7785848697863,2382.0788149769824,-4.8822998372671345
2025-07-25,1.021426498617981,5.0,2314.3262865871498,2382.0788149769824,-2.8442605661848086
2025-07-28,0.97920032276,5.0,2266.1890467980893,2382.0788149769824,-4.865068588421706
2025-07-29,1.0512101906319065,4.0,2382.2410198925577,2382.2410198925577,0.0
2025-07-30,1.0137349674861693,7.0,2414.9610228450006,2414.9610228450006,0.0
2025-07-31,0.9702064896755161,1.0,2343.010856677642,2414.9610228450006,-2.979351032448385
2025-08-01,1.0,0.0,2343.010856677642,2414.9610228450006,-2.979351032448385
2025-08-04,0.8547916666666666,1.0,2002.7861551975761,2414.9610228450006,-17.06755776794494
2025-08-05,1.0,0.0,2002.7861551975761,2414.9610228450006,-17.06755776794494
2025-08-06,1.0211430011528408,8.0,2045.131065185812,2414.9610228450006,-15.314117046224695
2025-08-07,1.0398674168891033,2.0,2126.665157954431,2414.9610228450006,-11.937909645884726
2025-08-08,1.041572940350924,7.0,2215.0768817124585,2414.9610228450006,-8.276909616415418
2025-08-11,1.023556781030664,3.0,2267.256962781045,2414.9610228450006,-6.116208860793515
2025-08-12,0.9900604417816433,3.0,2244.721430203508,2414.9610228450006,-7.049372268581699
2025-08-13,1.0149871736897946,2.0,2278.3634601631725,2414.9610228450006,-5.656305066195488
2025-08-14,1.0096011022484443,6.0,2300.2382607033187,2414.9610228450006,-4.750501604639979
2025-08-15,1.0,0.0,2300.2382607033187,2414.9610228450006,-4.750501604639979
2025-08-18,0.972607027463651,1.0,2237.2278972008135,2414.9610228450006,-7.3596684982850995
2025-08-19,0.9516415261756876,1.0,2129.0389704950067,2414.9610228450006,-11.839613544286397
2025-08-20,1.0,0.0,2129.0389704950067,2414.9610228450006,-11.839613544286397
2025-08-21,1.0389434170967375,4.0,2211.9510231382023,2414.9610228450006,-8.406346843131974
2025-08-22,1.0620369253046942,1.0,2349.173663538269,2414.9610228450006,-2.7241582238552775
2025-08-25,1.02231000964837,12.0,2401.583750637504,2414.9610228450006,-0.5539332552761844
2025-08-26,1.0035419327236406,14.0,2410.089998712451,2414.9610228450006,-0.20170197723570205
2025-08-27,0.9962870879761079,7.0,2401.141546577569,2414.9610228450006,-0.5722442779283909
2025-08-28,1.041513673512526,7.0,2500.821752799552,2500.821752799552,0.0
2025-08-29,1.0251831692379927,7.0,2563.8003702343567,2563.8003702343567,0.0
2025-09-01,1.008313081264915,4.0,2585.113451059134,2585.113451059134,0.0
2025-09-02,1.019838480893336,6.0,2636.3981748650767,2636.3981748650767,0.0
2025-09-03,1.011220082404687,4.0,2665.9787796386295,2665.9787796386295,0.0
2025-09-04,1.0125118121246997,3.0,2699.335005257904,2699.335005257904,0.0
2025-09-05,1.0519242903241797,7.0,2839.4960597531363,2839.4960597531363,0.0
2025-09-08,1.0012343091587854,5.0,2843.0008757460246,2843.0008757460246,0.0
2025-09-09,1.042821960826704,21.0,2964.743747877506,2964.743747877506,0.0
2025-09-10,1.0286667924092532,13.0,3049.7334414445418,3049.7334414445418,0.0
2025-09-11,1.0176145521130937,11.0,3103.4531300799113,3103.4531300799113,0.0
2025-09-12,1.0639955144775255,12.0,3302.060209796262,3302.060209796262,0.0
2025-09-15,1.0476799285698917,6.0,3459.5022047328293,3459.5022047328293,0.0
2025-09-16,0.9969703721367331,2.0,3449.0212004603377,3459.5022047328293,-0.30296278632668816
2025-09-17,1.0450972472704887,2.0,3604.5625623786555,3604.5625623786555,0.0
2025-09-18,1.0569910929131718,5.0,3809.990522282518,3809.990522282518,0.0
2025-09-19,1.0324225755069854,6.0,3933.5202276721216,3933.5202276721216,0.0
2025-09-22,1.0867807171337684,5.0,4274.873933889692,4274.873933889692,0.0
2025-09-23,1.017774336349847,5.0,4350.856981043841,4350.856981043841,0.0
2025-09-24,1.0268455903071287,2.0,4467.658305041855,4467.658305041855,0.0
2025-09-25,0.986074732668509,1.0,4405.444968798391,4467.658305041855,-1.3925267331491131
2025-09-26,1.0,0.0,4405.444968798391,4467.658305041855,-1.3925267331491131
2025-09-29,1.0,0.0,4405.444968798391,4467.658305041855,-1.3925267331491131
2025-09-30,1.0,0.0,4405.444968798391,4467.658305041855,-1.3925267331491131
2025-10-01,1.0224669542043667,2.0,4504.421899162242,4504.421899162242,0.0
2025-10-02,1.0341150152884344,9.0,4658.090321117721,4658.090321117721,0.0
2025-10-03,1.0,0.0,4658.090321117721,4658.090321117721,0.0
2025-10-06,1.0,0.0,4658.090321117721,4658.090321117721,0.0
2025-10-07,1.0,0.0,4658.090321117721,4658.090321117721,0.0
2025-10-08,1.0,0.0,4658.090321117721,4658.090321117721,0.0
2025-10-09,1.0,0.0,4658.090321117721,4658.090321117721,0.0
2025-10-10,1.0716160351124726,9.0,4991.684281111957,4991.684281111957,0.0
2025-10-13,1.0313886513360038,6.0,5148.3665185911905,5148.3665185911905,0.0
2025-10-14,1.0253243620347159,10.0,5278.745616195403,5278.745616195403,0.0
2025-10-15,1.0363874389743928,6.0,5470.825650166057,5470.825650166057,0.0
2025-10-16,1.07441953425007,10.0,5877.961947014752,5877.961947014752,0.0
2025-10-17,1.0396902229437561,10.0,6111.2595671466825,6111.2595671466825,0.0
2025-10-20,1.0812835901631015,3.0,6608.004685182967,6608.004685182967,0.0
2025-10-21,1.0352568631070025,7.0,6840.982201778894,6840.982201778894,0.0
2025-10-22,1.1022596548890713,1.0,7540.538680835082,7540.538680835082,0.0
2025-10-23,1.0473673268692278,7.0,7897.713841300254,7897.713841300254,0.0
2025-10-24,1.0224959900114134,6.0,8075.380732987146,8075.380732987146,0.0
2025-10-27,1.049497787312162,6.0,8475.094210973275,8475.094210973275,0.0
2025-10-28,1.043424799790796,5.0,8843.123480292923,8843.123480292923,0.0
2025-10-29,1.042061904272202,9.0,9215.082093588266,9215.082093588266,0.0
2025-10-30,1.026929687510257,3.0,9463.241374749961,9463.241374749961,0.0
2025-10-31,1.1050741847344288,6.0,10457.583747146928,10457.583747146928,0.0
2025-11-03,1.0143925554140711,6.0,10608.09510072503,10608.09510072503,0.0
2025-11-04,1.0840008205921314,3.0,11499.183794105302,11499.183794105302,0.0
2025-11-05,0.9886376496122868,2.0,11368.526038663964,11499.183794105302,-1.1362350387713271
2025-11-06,1.0087395086220108,3.0,11467.881369998422,11499.183794105302,-0.27221431248821704
2025-11-07,0.9527884110184108,3.0,10926.464468268432,11499.183794105302,-4.980521540411043
2025-11-10,1.035124961631196,5.0,11310.256113480986,11499.183794105302,-1.642966005301727
2025-11-11,1.0192947541497515,5.0,11528.484724561325,11528.484724561325,0.0
2025-11-12,1.028853645119881,6.0,11861.123531573789,11861.123531573789,0.0
2025-11-13,1.0053269777735778,3.0,11924.307472996143,11924.307472996143,0.0
2025-11-14,1.0316483609798925,6.0,12301.692260336755,12301.692260336755,0.0
2025-11-17,1.0130604550962705,1.0,12462.357959711022,12462.357959711022,0.0
2025-11-18,0.9923894939712856,5.0,12367.513109326645,12462.357959711022,-0.7610506028714381
2025-11-19,1.0,0.0,12367.513109326645,12462.357959711022,-0.7610506028714381
2025-11-20,1.0016251671183605,4.0,12387.612384967815,12462.357959711022,-0.5997707254505769
2025-11-21,1.0561884291127266,3.0,13083.652865336513,13083.652865336513,0.0
2025-11-24,0.9860258013796885,3.0,12900.819301517093,13083.652865336513,-1.3974198620311462
2025-11-25,1.062006149008989,2.0,13700.749425465003,13700.749425465003,0.0
2025-11-26,1.0326503322380352,4.0,14148.083446116505,14148.083446116505,0.0
2025-11-27,1.0429169002293366,4.0,14755.275331809815,14755.275331809815,0.0
2025-11-28,1.0554826066775418,12.0,15573.936469463453,15573.936469463453,0.0
2025-12-01,1.0215039669976196,10.0,15908.83788532582,15908.83788532582,0.0
2025-12-02,1.0767686569938637,4.0,17130.138004115383,17130.138004115383,0.0
2025-12-03,1.0298484147338738,4.0,17641.44546771071,17641.44546771071,0.0
2025-12-04,1.0456095954520699,8.0,18446.064658682746,18446.064658682746,0.0
2025-12-05,1.0243639820583876,9.0,18895.48424707475,18895.48424707475,0.0
2025-12-08,1.0481591189583834,9.0,19805.474120705883,19805.474120705883,0.0
2025-12-09,1.0262845490463601,6.0,20326.052076617994,20326.052076617994,0.0
2025-12-10,1.0722664041696803,2.0,21794.94277116084,21794.94277116084,0.0
2025-12-11,1.0983906249137363,7.0,23939.360810374474,23939.360810374474,0.0
2025-12-12,1.0443046479589964,12.0,24999.98576344151,24999.98576344151,0.0
2025-12-15,1.0175208317478324,9.0,25438.006307700973,25438.006307700973,0.0
2025-12-16,1.0389583789847623,8.0,26429.02979805316,26429.02979805316,0.0
2025-12-17,0.9752070258686107,2.0,25773.775545952314,26429.02979805316,-2.4792974131389256
2025-12-18,1.0,0.0,25773.775545952314,26429.02979805316,-2.4792974131389256
2025-12-19,0.962219520506441,2.0,24800.02994746687,26429.02979805316,-6.163676317419286
2025-12-22,1.0382655597040005,4.0,25749.016974082664,26429.02979805316,-2.5729768711395873
2025-12-23,1.0272630497164876,5.0,26451.013703997764,26451.013703997764,0.0
2025-12-24,1.006617939079853,3.0,26626.064901291178,26626.064901291178,0.0
2025-12-25,1.0,0.0,26626.064901291178,26626.064901291178,0.0
2025-12-26,1.086627789151315,2.0,28932.62203748946,28932.62203748946,0.0
2025-12-29,1.0562330912479425,3.0,30559.592812565836,30559.592812565836,0.0
2025-12-30,1.0,2.0,30559.592812565836,30559.592812565836,0.0
2025-12-31,1.0,0.0,30559.592812565836,30559.592812565836,0.0
